ebv,Gmag_cor,BPmag_cor,RPmag_cor,Jmag_cor,Hmag_cor,Kmag_cor,W1mag_cor,W2mag_cor,W3mag_cor,ebv_index
0.0,-0.0,-0.0,-0.0,-0.0,-0.0,-0.0,-0.0,-0.0,-0.0,0
0.1,-0.28018851709911013,-0.3441653203597755,-0.18600572044845612,-0.08123763083730219,-0.050607216542248167,-0.03471059086167228,-0.01984880531745681,-0.013846514771340381,-0.005281490065627416,1
0.2,-0.5603770341982203,-0.688330640719551,-0.37201144089691224,-0.16247526167460438,-0.10121443308449633,-0.06942118172334456,-0.03969761063491362,-0.027693029542680762,-0.010562980131254831,2
0.3,-0.8405655512973303,-1.0324959610793265,-0.5580171613453684,-0.24371289251190656,-0.1518216496267445,-0.10413177258501684,-0.05954641595237043,-0.04153954431402114,-0.015844470196882246,3
0.4,-1.1207540683964405,-1.376661281439102,-0.7440228817938245,-0.32495052334920876,-0.20242886616899267,-0.13884236344668913,-0.07939522126982725,-0.055386059085361525,-0.021125960262509662,4
0.5,-1.4009425854955504,-1.7208266017988771,-0.9300286022422805,-0.4061881541865109,-0.2530360827112408,-0.17355295430836137,-0.09924402658728404,-0.0692325738567019,-0.026407450328137072,5
0.6,-1.6811311025946607,-2.064991922158653,-1.1160343226907368,-0.4874257850238131,-0.303643299253489,-0.20826354517003368,-0.11909283190474086,-0.08307908862804228,-0.03168894039376449,6
0.7,-1.9613196196937708,-2.4091572425184284,-1.3020400431391927,-0.5686634158611152,-0.35425051579573713,-0.24297413603170595,-0.13894163722219766,-0.09692560339938266,-0.036970430459391905,7
0.8,-2.241508136792881,-2.753322562878204,-1.488045763587649,-0.6499010466984175,-0.40485773233798533,-0.27768472689337825,-0.1587904425396545,-0.11077211817072305,-0.042251920525019325,8
0.9,-2.5216966538919907,-3.097487883237979,-1.674051484036105,-0.7311386775357196,-0.4554649488802334,-0.3123953177550505,-0.17863924785711127,-0.12461863294206342,-0.04753341059064673,9
1.0,-2.801885170991101,-3.4416532035977543,-1.860057204484561,-0.8123763083730218,-0.5060721654224816,-0.34710590861672275,-0.19848805317456808,-0.1384651477134038,-0.052814900656274144,10
1.1,-3.0820736880902113,-3.78581852395753,-2.0460629249330173,-0.8936139392103241,-0.5566793819647298,-0.3818164994783951,-0.21833685849202492,-0.15231166248474418,-0.058096390721901564,11
1.2,-3.3622622051893214,-4.129983844317306,-2.2320686453814735,-0.9748515700476262,-0.607286598506978,-0.41652709034006735,-0.23818566380948172,-0.16615817725608456,-0.06337788078752898,12
1.3,-3.642450722288431,-4.474149164677081,-2.4180743658299293,-1.0560892008849283,-0.6578938150492261,-0.45123768120173957,-0.2580344691269385,-0.18000469202742495,-0.06865937085315639,13
1.4,-3.9226392393875416,-4.818314485036857,-2.6040800862783855,-1.1373268317222305,-0.7085010315914743,-0.4859482720634119,-0.2778832744443953,-0.19385120679876533,-0.07394086091878381,14
1.5,-4.202827756486651,-5.162479805396631,-2.7900858067268413,-1.2185644625595327,-0.7591082481337224,-0.5206588629250841,-0.2977320797618521,-0.2076977215701057,-0.07922235098441122,15
1.6,-4.483016273585762,-5.506645125756408,-2.976091527175298,-1.299802093396835,-0.8097154646759707,-0.5553694537867565,-0.317580885079309,-0.2215442363414461,-0.08450384105003865,16
1.7,-4.763204790684872,-5.850810446116183,-3.1620972476237537,-1.3810397242341372,-0.8603226812182188,-0.5900800446484288,-0.3374296903967658,-0.23539075111278646,-0.08978533111566606,17
1.8,-5.043393307783981,-6.194975766475958,-3.34810296807221,-1.4622773550714392,-0.9109298977604668,-0.624790635510101,-0.35727849571422254,-0.24923726588412684,-0.09506682118129346,18
1.9,-5.3235818248830915,-6.539141086835734,-3.534108688520666,-1.5435149859087414,-0.961537114302715,-0.6595012263717732,-0.37712730103167935,-0.2630837806554672,-0.10034831124692088,19
2.0,-5.603770341982202,-6.883306407195509,-3.720114408969122,-1.6247526167460435,-1.0121443308449631,-0.6942118172334455,-0.39697610634913616,-0.2769302954268076,-0.10562980131254829,20
2.1,-5.883958859081312,-7.227471727555284,-3.906120129417578,-1.7059902475833457,-1.0627515473872113,-0.7289224080951178,-0.41682491166659297,-0.290776810198148,-0.11091129137817571,21
2.2,-6.164147376180423,-7.57163704791506,-4.092125849866035,-1.7872278784206481,-1.1133587639294595,-0.7636329989567902,-0.43667371698404983,-0.30462332496948835,-0.11619278144380313,22
2.3,-6.444335893279533,-7.915802368274836,-4.278131570314491,-1.8684655092579503,-1.1639659804717077,-0.7983435898184624,-0.45652252230150664,-0.31846983974082876,-0.12147427150943055,23
2.4,-6.724524410378643,-8.259967688634612,-4.464137290762947,-1.9497031400952525,-1.214573197013956,-0.8330541806801347,-0.47637132761896345,-0.3323163545121691,-0.12675576157505797,24
2.5,-7.004712927477752,-8.604133008994385,-4.650143011211402,-2.0309407709325544,-1.265180413556204,-0.8677647715418069,-0.4962201329364202,-0.3461628692835095,-0.13203725164068536,25
2.6,-7.284901444576862,-8.948298329354161,-4.836148731659859,-2.1121784017698566,-1.3157876300984521,-0.9024753624034791,-0.516068938253877,-0.3600093840548499,-0.13731874170631278,26
2.7,-7.565089961675973,-9.292463649713937,-5.022154452108315,-2.193416032607159,-1.3663948466407003,-0.9371859532651515,-0.5359177435713338,-0.37385589882619025,-0.1426002317719402,27
2.8,-7.845278478775083,-9.636628970073714,-5.208160172556771,-2.274653663444461,-1.4170020631829485,-0.9718965441268238,-0.5557665488887906,-0.38770241359753066,-0.14788172183756762,28
2.9,-8.125466995874193,-9.980794290433488,-5.394165893005227,-2.3558912942817636,-1.4676092797251967,-1.0066071349884962,-0.5756153542062475,-0.401548928368871,-0.15316321190319504,29
3.0,-8.405655512973302,-10.324959610793263,-5.5801716134536825,-2.4371289251190653,-1.5182164962674447,-1.0413177258501682,-0.5954641595237042,-0.4153954431402114,-0.15844470196882243,30
3.1,-8.685844030072413,-10.66912493115304,-5.766177333902139,-2.5183665559563675,-1.568823712809693,-1.0760283167118405,-0.615312964841161,-0.4292419579115518,-0.16372619203444985,31
3.2,-8.966032547171524,-11.013290251512815,-5.952183054350596,-2.59960418679367,-1.6194309293519413,-1.110738907573513,-0.635161770158618,-0.4430884726828922,-0.1690076821000773,32
3.3,-9.246221064270632,-11.357455571872588,-6.138188774799051,-2.680841817630972,-1.670038145894189,-1.145449498435185,-0.6550105754760747,-0.4569349874542325,-0.17428917216570466,33
3.4,-9.526409581369744,-11.701620892232366,-6.324194495247507,-2.7620794484682745,-1.7206453624364375,-1.1801600892968576,-0.6748593807935316,-0.4707815022255729,-0.1795706622313321,34
3.5,-9.806598098468854,-12.04578621259214,-6.5102002156959635,-2.843317079305576,-1.7712525789786855,-1.2148706801585296,-0.6947081861109883,-0.48462801699691327,-0.1848521522969595,35
3.6,-10.086786615567963,-12.389951532951915,-6.69620593614442,-2.9245547101428784,-1.8218597955209337,-1.249581271020202,-0.7145569914284451,-0.4984745317682537,-0.19013364236258692,36
3.7,-10.366975132667074,-12.734116853311692,-6.882211656592876,-3.0057923409801806,-1.872467012063182,-1.2842918618818742,-0.7344057967459019,-0.5123210465395941,-0.19541513242821434,37
3.8,-10.647163649766183,-13.078282173671468,-7.068217377041332,-3.0870299718174827,-1.92307422860543,-1.3190024527435464,-0.7542546020633587,-0.5261675613109345,-0.20069662249384176,38
3.9,-10.927352166865294,-13.422447494031243,-7.254223097489788,-3.1682676026547854,-1.9736814451476783,-1.353713043605219,-0.7741034073808156,-0.5400140760822748,-0.20597811255946918,39
4.0,-11.207540683964403,-13.766612814391017,-7.440228817938244,-3.249505233492087,-2.0242886616899263,-1.388423634466891,-0.7939522126982723,-0.5538605908536152,-0.21125960262509658,40
4.1,-11.487729201063514,-14.110778134750795,-7.626234538386701,-3.3307428643293897,-2.0748958782321747,-1.4231342253285635,-0.8138010180157292,-0.5677071056249556,-0.21654109269072402,41
4.2,-11.767917718162623,-14.454943455110568,-7.812240258835156,-3.4119804951666914,-2.1255030947744227,-1.4578448161902355,-0.8336498233331859,-0.581553620396296,-0.22182258275635142,42
4.3,-12.048106235261733,-14.799108775470343,-7.998245979283611,-3.4932181260039936,-2.1761103113166707,-1.4925554070519078,-0.8534986286506427,-0.5954001351676362,-0.2271040728219788,43
4.4,-12.328294752360845,-15.14327409583012,-8.18425169973207,-3.5744557568412962,-2.226717527858919,-1.5272659979135803,-0.8733474339680997,-0.6092466499389767,-0.23238556288760626,44
4.5,-12.608483269459953,-15.487439416189893,-8.370257420180524,-3.655693387678598,-2.277324744401167,-1.5619765887752524,-0.8931962392855564,-0.6230931647103171,-0.23766705295323365,45
4.6,-12.888671786559065,-15.831604736549671,-8.556263140628982,-3.7369310185159006,-2.3279319609434155,-1.5966871796369249,-0.9130450446030133,-0.6369396794816575,-0.2429485430188611,46
4.7,-13.168860303658175,-16.175770056909446,-8.742268861077436,-3.8181686493532023,-2.3785391774856635,-1.631397770498597,-0.93289384992047,-0.6507861942529979,-0.2482300330844885,47
4.8,-13.449048820757286,-16.519935377269224,-8.928274581525894,-3.899406280190505,-2.429146394027912,-1.6661083613602694,-0.9527426552379269,-0.6646327090243382,-0.25351152315011594,48
4.9,-13.729237337856395,-16.864100697629,-9.114280301974349,-3.980643911027807,-2.47975361057016,-1.7008189522219417,-0.9725914605553837,-0.6784792237956786,-0.25879301321574333,49
5.0,-14.009425854955504,-17.20826601798877,-9.300286022422805,-4.061881541865109,-2.530360827112408,-1.7355295430836137,-0.9924402658728404,-0.692325738567019,-0.2640745032813707,50
5.1,-14.289614372054615,-17.552431338348548,-9.486291742871261,-4.143119172702411,-2.5809680436546563,-1.7702401339452862,-1.0122890711902972,-0.7061722533383594,-0.26935599334699817,51
5.2,-14.569802889153724,-17.896596658708322,-9.672297463319717,-4.224356803539713,-2.6315752601969042,-1.8049507248069583,-1.032137876507754,-0.7200187681096998,-0.27463748341262556,52
5.3,-14.849991406252837,-18.2407619790681,-9.858303183768173,-4.305594434377016,-2.6821824767391527,-1.8396613156686308,-1.051986681825211,-0.7338652828810401,-0.279918973478253,53
5.4,-15.130179923351946,-18.584927299427875,-10.04430890421663,-4.386832065214318,-2.7327896932814006,-1.874371906530303,-1.0718354871426676,-0.7477117976523805,-0.2852004635438804,54
5.5,-15.410368440451055,-18.92909261978765,-10.230314624665086,-4.46806969605162,-2.7833969098236486,-1.909082497391975,-1.0916842924601244,-0.7615583124237209,-0.2904819536095078,55
5.6,-15.690556957550166,-19.273257940147428,-10.416320345113542,-4.549307326888922,-2.834004126365897,-1.9437930882536476,-1.1115330977775812,-0.7754048271950613,-0.29576344367513524,56
5.7,-15.970745474649275,-19.6174232605072,-10.602326065561998,-4.630544957726224,-2.884611342908145,-1.9785036791153197,-1.131381903095038,-0.7892513419664017,-0.30104493374076263,57
5.8,-16.250933991748386,-19.961588580866977,-10.788331786010454,-4.711782588563527,-2.9352185594503934,-2.0132142699769924,-1.151230708412495,-0.803097856737742,-0.3063264238063901,58
5.9,-16.531122508847496,-20.30575390122675,-10.97433750645891,-4.7930202194008285,-2.9858257759926414,-2.0479248608386644,-1.1710795137299517,-0.8169443715090824,-0.3116079138720175,59
6.0,-16.811311025946605,-20.649919221586526,-11.160343226907365,-4.874257850238131,-3.0364329925348894,-2.0826354517003365,-1.1909283190474085,-0.8307908862804227,-0.31688940393764486,60
6.1,-17.091499543045718,-20.994084541946307,-11.346348947355825,-4.955495481075434,-3.0870402090771383,-2.1173460425620094,-1.2107771243648655,-0.8446374010517633,-0.32217089400327237,61
6.2,-17.371688060144827,-21.33824986230608,-11.532354667804277,-5.036733111912735,-3.137647425619386,-2.152056633423681,-1.230625929682322,-0.8584839158231036,-0.3274523840688997,62
6.3,-17.651876577243936,-21.682415182665853,-11.718360388252734,-5.117970742750037,-3.188254642161634,-2.186767224285353,-1.250474734999779,-0.8723304305944438,-0.3327338741345271,63
6.4,-17.93206509434305,-22.02658050302563,-11.904366108701192,-5.19920837358734,-3.2388618587038827,-2.221477815147026,-1.270323540317236,-0.8861769453657844,-0.3380153642001546,64
6.5,-18.212253611442158,-22.370745823385406,-12.090371829149648,-5.280446004424642,-3.2894690752461306,-2.256188406008698,-1.2901723456346927,-0.9000234601371248,-0.343296854265782,65
6.6,-18.492442128541263,-22.714911143745177,-12.276377549598102,-5.361683635261944,-3.340076291788378,-2.29089899687037,-1.3100211509521493,-0.913869974908465,-0.34857834433140933,66
6.7,-18.772630645640373,-23.05907646410495,-12.462383270046557,-5.442921266099245,-3.390683508330626,-2.325609587732042,-1.329869956269606,-0.9277164896798054,-0.3538598343970367,67
6.8,-19.05281916273949,-23.403241784464733,-12.648388990495015,-5.524158896936549,-3.441290724872875,-2.360320178593715,-1.3497187615870632,-0.9415630044511458,-0.3591413244626642,68
6.9,-19.333007679838598,-23.747407104824507,-12.83439471094347,-5.60539652777385,-3.491897941415123,-2.395030769455387,-1.3695675669045198,-0.9554095192224862,-0.3644228145282916,69
7.0,-19.613196196937707,-24.09157242518428,-13.020400431391927,-5.686634158611152,-3.542505157957371,-2.4297413603170592,-1.3894163722219766,-0.9692560339938265,-0.369704304593919,70
7.1,-19.893384714036817,-24.435737745544056,-13.206406151840383,-5.767871789448455,-3.5931123744996194,-2.4644519511787317,-1.4092651775394334,-0.983102548765167,-0.37498579465954646,71
7.2,-20.173573231135926,-24.77990306590383,-13.39241187228884,-5.849109420285757,-3.6437195910418674,-2.499162542040404,-1.4291139828568902,-0.9969490635365074,-0.38026728472517385,72
7.3,-20.45376174823504,-25.12406838626361,-13.578417592737296,-5.93034705112306,-3.694326807584116,-2.5338731329020763,-1.4489627881743472,-1.0107955783078477,-0.3855487747908013,73
7.4,-20.733950265334148,-25.468233706623383,-13.764423313185752,-6.011584681960361,-3.744934024126364,-2.5685837237637483,-1.4688115934918038,-1.0246420930791882,-0.3908302648564287,74
7.5,-21.014138782433257,-25.812399026983158,-13.950429033634206,-6.092822312797663,-3.7955412406686118,-2.603294314625421,-1.4886603988092606,-1.0384886078505284,-0.3961117549220561,75
7.6,-21.294327299532366,-26.156564347342936,-14.136434754082664,-6.1740599436349655,-3.84614845721086,-2.638004905487093,-1.5085092041267174,-1.052335122621869,-0.40139324498768353,76
7.7,-21.574515816631475,-26.500729667702707,-14.322440474531119,-6.255297574472268,-3.896755673753108,-2.6727154963487654,-1.5283580094441742,-1.0661816373932091,-0.4066747350533109,77
7.8,-21.854704333730588,-26.844894988062485,-14.508446194979577,-6.336535205309571,-3.9473628902953566,-2.707426087210438,-1.5482068147616312,-1.0800281521645496,-0.41195622511893837,78
7.9,-22.134892850829697,-27.18906030842226,-14.694451915428031,-6.417772836146872,-3.9979701068376046,-2.74213667807211,-1.5680556200790878,-1.09387466693589,-0.41723771518456576,79
8.0,-22.415081367928806,-27.533225628782034,-14.880457635876487,-6.499010466984174,-4.0485773233798525,-2.776847268933782,-1.5879044253965446,-1.1077211817072303,-0.42251920525019315,80
8.1,-22.695269885027916,-27.87739094914181,-15.066463356324943,-6.580248097821476,-4.0991845399221,-2.811557859795454,-1.6077532307140014,-1.1215676964785706,-0.42780069531582054,81
8.2,-22.97545840212703,-28.22155626950159,-15.252469076773401,-6.661485728658779,-4.149791756464349,-2.846268450657127,-1.6276020360314585,-1.1354142112499113,-0.43308218538144805,82
8.3,-23.255646919226137,-28.56572158986136,-15.438474797221858,-6.742723359496082,-4.200398973006598,-2.880979041518799,-1.6474508413489153,-1.1492607260212515,-0.43836367544707544,83
8.4,-23.535835436325247,-28.909886910221136,-15.624480517670312,-6.823960990333383,-4.251006189548845,-2.915689632380471,-1.6672996466663719,-1.163107240792592,-0.44364516551270283,84
8.5,-23.816023953424356,-29.25405223058091,-15.810486238118768,-6.905198621170685,-4.301613406091093,-2.950400223242143,-1.6871484519838287,-1.1769537555639322,-0.4489266555783302,85
8.6,-24.096212470523465,-29.598217550940685,-15.996491958567223,-6.986436252007987,-4.352220622633341,-2.9851108141038156,-1.7069972573012855,-1.1908002703352725,-0.4542081456439576,86
8.7,-24.37640098762258,-29.942382871300467,-16.182497679015682,-7.06767388284529,-4.402827839175591,-3.019821404965488,-1.7268460626187425,-1.2046467851066132,-0.4594896357095851,87
8.8,-24.65658950472169,-30.28654819166024,-16.36850339946414,-7.1489115136825925,-4.453435055717838,-3.0545319958271606,-1.7466948679361993,-1.2184932998779534,-0.4647711257752125,88
8.9,-24.9367780218208,-30.630713512020016,-16.55450911991259,-7.230149144519894,-4.504042272260087,-3.0892425866888327,-1.766543673253656,-1.2323398146492939,-0.4700526158408399,89
9.0,-25.216966538919905,-30.974878832379787,-16.740514840361048,-7.311386775357196,-4.554649488802334,-3.1239531775505047,-1.7863924785711127,-1.2461863294206341,-0.4753341059064673,90
9.1,-25.497155056019015,-31.31904415273956,-16.926520560809504,-7.392624406194498,-4.605256705344582,-3.1586637684121768,-1.8062412838885695,-1.2600328441919744,-0.4806155959720947,91
9.2,-25.77734357311813,-31.663209473099343,-17.112526281257963,-7.473862037031801,-4.655863921886831,-3.1933743592738497,-1.8260900892060266,-1.273879358963315,-0.4858970860377222,92
9.3,-26.05753209021724,-32.007374793459114,-17.298532001706416,-7.555099667869103,-4.706471138429079,-3.2280849501355218,-1.8459388945234834,-1.2877258737346553,-0.4911785761033496,93
9.4,-26.33772060731635,-32.35154011381889,-17.484537722154872,-7.636337298706405,-4.757078354971327,-3.262795540997194,-1.86578769984094,-1.3015723885059958,-0.496460066168977,94
9.5,-26.61790912441546,-32.69570543417866,-17.67054344260333,-7.717574929543707,-4.807685571513575,-3.2975061318588663,-1.8856365051583968,-1.315418903277336,-0.5017415562346044,95
9.6,-26.89809764151457,-33.03987075453845,-17.85654916305179,-7.79881256038101,-4.858292788055824,-3.332216722720539,-1.9054853104758538,-1.3292654180486765,-0.5070230463002319,96
9.7,-27.17828615861368,-33.38403607489822,-18.042554883500245,-7.880050191218312,-4.908900004598072,-3.366927313582211,-1.9253341157933106,-1.343111932820017,-0.5123045363658593,97
9.8,-27.45847467571279,-33.728201395258,-18.228560603948697,-7.961287822055614,-4.95950722114032,-3.4016379044438834,-1.9451829211107674,-1.3569584475913572,-0.5175860264314867,98
9.9,-27.7386631928119,-34.07236671561777,-18.414566324397153,-8.042525452892916,-5.010114437682568,-3.4363484953055554,-1.965031726428224,-1.3708049623626977,-0.522867516497114,99
10.0,-28.018851709911008,-34.41653203597754,-18.60057204484561,-8.123763083730218,-5.060721654224816,-3.4710590861672275,-1.9848805317456808,-1.384651477134038,-0.5281490065627414,100
10.1,-28.29904022701012,-34.760697356337324,-18.78657776529407,-8.205000714567522,-5.111328870767065,-3.5057696770289004,-2.004729337063138,-1.3984979919053784,-0.5334304966283689,101
10.2,-28.57922874410923,-35.104862676697095,-18.972583485742522,-8.286238345404822,-5.1619360873093125,-3.5404802678905725,-2.0245781423805944,-1.4123445066767188,-0.5387119866939963,102
10.3,-28.85941726120834,-35.449027997056874,-19.158589206190978,-8.367475976242124,-5.212543303851561,-3.5751908587522445,-2.0444269476980512,-1.426191021448059,-0.5439934767596237,103
10.4,-29.13960577830745,-35.793193317416645,-19.344594926639434,-8.448713607079426,-5.2631505203938085,-3.6099014496139166,-2.064275753015508,-1.4400375362193996,-0.5492749668252511,104
10.5,-29.419794295406565,-36.13735863777642,-19.530600647087894,-8.52995123791673,-5.313757736936058,-3.6446120404755895,-2.0841245583329653,-1.45388405099074,-0.5545564568908786,105
10.6,-29.699982812505674,-36.4815239581362,-19.716606367536347,-8.611188868754033,-5.364364953478305,-3.6793226313372616,-2.103973363650422,-1.4677305657620803,-0.559837946956506,106
10.7,-29.980171329604783,-36.82568927849597,-19.902612087984803,-8.692426499591333,-5.414972170020554,-3.7140332221989336,-2.1238221689678785,-1.4815770805334207,-0.5651194370221334,107
10.8,-30.260359846703892,-37.16985459885575,-20.08861780843326,-8.773664130428635,-5.465579386562801,-3.748743813060606,-2.1436709742853353,-1.495423595304761,-0.5704009270877608,108
10.9,-30.540548363802994,-37.514019919215514,-20.274623528881712,-8.854901761265936,-5.516186603105048,-3.7834544039222773,-2.1635197796027916,-1.5092701100761012,-0.5756824171533881,109
11.0,-30.82073688090211,-37.8581852395753,-20.46062924933017,-8.93613939210324,-5.566793819647297,-3.81816499478395,-2.183368584920249,-1.5231166248474417,-0.5809639072190156,110
11.1,-31.100925398001223,-38.20235055993508,-20.646634969778628,-9.017377022940543,-5.617401036189547,-3.852875585645623,-2.203217390237706,-1.5369631396187822,-0.5862453972846431,111
11.2,-31.381113915100332,-38.546515880294855,-20.832640690227084,-9.098614653777844,-5.668008252731794,-3.887586176507295,-2.2230661955551625,-1.5508096543901226,-0.5915268873502705,112
11.3,-31.66130243219944,-38.890681200654626,-21.01864641067554,-9.179852284615146,-5.7186154692740425,-3.9222967673689673,-2.2429150008726193,-1.5646561691614629,-0.5968083774158979,113
11.4,-31.94149094929855,-39.2348465210144,-21.204652131123996,-9.261089915452448,-5.76922268581629,-3.9570073582306393,-2.262763806190076,-1.5785026839328034,-0.6020898674815253,114
11.5,-32.22167946639766,-39.579011841374175,-21.39065785157245,-9.34232754628975,-5.8198299023585385,-3.991717949092312,-2.282612611507533,-1.5923491987041436,-0.6073713575471527,115
11.6,-32.50186798349677,-39.92317716173395,-21.57666357202091,-9.423565177127054,-5.870437118900787,-4.026428539953985,-2.30246141682499,-1.606195713475484,-0.6126528476127802,116
11.7,-32.782056500595885,-40.26734248209373,-21.762669292469365,-9.504802807964355,-5.921044335443035,-4.061139130815657,-2.3223102221424465,-1.6200422282468245,-0.6179343376784076,117
11.8,-33.06224501769499,-40.6115078024535,-21.94867501291782,-9.586040438801657,-5.971651551985283,-4.095849721677329,-2.3421590274599033,-1.6338887430181648,-0.623215827744035,118
11.9,-33.342433534794104,-40.95567312281328,-22.134680733366274,-9.667278069638959,-6.022258768527531,-4.130560312539001,-2.36200783277736,-1.6477352577895052,-0.6284973178096623,119
12.0,-33.62262205189321,-41.29983844317305,-22.32068645381473,-9.748515700476261,-6.072865985069779,-4.165270903400673,-2.381856638094817,-1.6615817725608455,-0.6337788078752897,120
12.1,-33.90281056899232,-41.64400376353283,-22.50669217426319,-9.829753331313565,-6.123473201612028,-4.199981494262346,-2.401705443412274,-1.675428287332186,-0.6390602979409172,121
12.2,-34.182999086091435,-41.988169083892615,-22.69269789471165,-9.910990962150867,-6.1740804181542766,-4.234692085124019,-2.421554248729731,-1.6892748021035267,-0.6443417880065447,122
12.3,-34.46318760319054,-42.33233440425238,-22.878703615160102,-9.992228592988168,-6.224687634696524,-4.26940267598569,-2.4414030540471874,-1.7031213168748667,-0.649623278072172,123
12.4,-34.74337612028965,-42.67649972461216,-23.064709335608555,-10.07346622382547,-6.275294851238772,-4.304113266847362,-2.461251859364644,-1.7169678316462071,-0.6549047681377994,124
12.5,-35.02356463738876,-43.02066504497193,-23.25071505605701,-10.154703854662772,-6.325902067781019,-4.338823857709034,-2.481100664682101,-1.7308143464175474,-0.6601862582034268,125
12.6,-35.30375315448787,-43.364830365331706,-23.436720776505467,-10.235941485500074,-6.376509284323268,-4.373534448570706,-2.500949469999558,-1.7446608611888876,-0.6654677482690542,126
12.7,-35.583941671586985,-43.708995685691484,-23.622726496953927,-10.317179116337376,-6.427116500865517,-4.408245039432379,-2.5207982753170146,-1.7585073759602283,-0.6707492383346817,127
12.8,-35.8641301886861,-44.05316100605126,-23.808732217402383,-10.39841674717468,-6.477723717407765,-4.442955630294052,-2.540647080634472,-1.7723538907315688,-0.6760307284003092,128
12.9,-36.1443187057852,-44.39732632641103,-23.994737937850836,-10.47965437801198,-6.528330933950013,-4.477666221155723,-2.5604958859519282,-1.786200405502909,-0.6813122184659365,129
13.0,-36.424507222884316,-44.74149164677081,-24.180743658299296,-10.560892008849285,-6.578938150492261,-4.512376812017396,-2.5803446912693855,-1.8000469202742495,-0.686593708531564,130
13.1,-36.70469573998342,-45.08565696713059,-24.366749378747752,-10.642129639686587,-6.62954536703451,-4.547087402879068,-2.6001934965868423,-1.8138934350455898,-0.6918751985971914,131
13.2,-36.98488425708253,-45.42982228749035,-24.552755099196204,-10.723367270523887,-6.680152583576756,-4.58179799374074,-2.6200423019042987,-1.82773994981693,-0.6971566886628187,132
13.3,-37.26507277418164,-45.77398760785013,-24.73876081964466,-10.80460490136119,-6.730759800119006,-4.616508584602413,-2.6398911072217555,-1.8415864645882705,-0.7024381787284462,133
13.4,-37.545261291280745,-46.1181529282099,-24.924766540093113,-10.88584253219849,-6.781367016661252,-4.651219175464084,-2.659739912539212,-1.8554329793596107,-0.7077196687940734,134
13.5,-37.82544980837986,-46.46231824856968,-25.110772260541573,-10.967080163035794,-6.831974233203502,-4.685929766325757,-2.679588717856669,-1.8692794941309512,-0.713001158859701,135
13.6,-38.10563832547898,-46.806483568929465,-25.29677798099003,-11.048317793873098,-6.88258144974575,-4.72064035718743,-2.6994375231741263,-1.8831260089022916,-0.7182826489253284,136
13.7,-38.38582684257808,-47.150648889289236,-25.482783701438485,-11.129555424710398,-6.9331886662879985,-4.755350948049102,-2.7192863284915827,-1.8969725236736321,-0.7235641389909558,137
13.8,-38.666015359677196,-47.494814209649014,-25.66878942188694,-11.2107930555477,-6.983795882830246,-4.790061538910774,-2.7391351338090395,-1.9108190384449724,-0.7288456290565832,138
13.9,-38.9462038767763,-47.838979530008785,-25.854795142335398,-11.292030686385003,-7.034403099372494,-4.824772129772446,-2.7589839391264963,-1.9246655532163128,-0.7341271191222106,139
14.0,-39.226392393875415,-48.18314485036856,-26.040800862783854,-11.373268317222305,-7.085010315914742,-4.8594827206341185,-2.778832744443953,-1.938512067987653,-0.739408609187838,140
14.1,-39.50658091097453,-48.52731017072834,-26.22680658323231,-11.454505948059609,-7.135617532456991,-4.894193311495791,-2.7986815497614104,-1.9523585827589935,-0.7446900992534655,141
14.2,-39.78676942807363,-48.87147549108811,-26.412812303680766,-11.53574357889691,-7.186224748999239,-4.9289039023574635,-2.8185303550788667,-1.966205097530334,-0.7499715893190929,142
14.3,-40.066957945172746,-49.21564081144789,-26.598818024129223,-11.616981209734211,-7.236831965541487,-4.9636144932191355,-2.8383791603963235,-1.9800516123016743,-0.7552530793847203,143
14.4,-40.34714646227185,-49.55980613180766,-26.78482374457768,-11.698218840571514,-7.287439182083735,-4.998325084080808,-2.8582279657137803,-1.9938981270730147,-0.7605345694503477,144
14.5,-40.627334979370964,-49.90397145216744,-26.97082946502613,-11.779456471408816,-7.338046398625982,-5.03303567494248,-2.878076771031237,-2.007744641844355,-0.7658160595159751,145
14.6,-40.90752349647008,-50.24813677252722,-27.15683518547459,-11.86069410224612,-7.388653615168232,-5.0677462658041526,-2.8979255763486944,-2.0215911566156954,-0.7710975495816026,146
14.7,-41.18771201356919,-50.592302092886996,-27.34284090592305,-11.941931733083422,-7.439260831710481,-5.1024568566658255,-2.917774381666151,-2.035437671387036,-0.7763790396472301,147
14.8,-41.467900530668295,-50.93646741324677,-27.528846626371504,-12.023169363920722,-7.489868048252728,-5.137167447527497,-2.9376231869836076,-2.0492841861583764,-0.7816605297128574,148
14.9,-41.7480890477674,-51.28063273360654,-27.71485234681996,-12.104406994758024,-7.540475264794976,-5.171878038389169,-2.9574719923010644,-2.0631307009297166,-0.7869420197784848,149
15.0,-42.028277564866514,-51.624798053966316,-27.900858067268413,-12.185644625595327,-7.5910824813372235,-5.206588629250842,-2.977320797618521,-2.076977215701057,-0.7922235098441122,150
15.1,-42.30846608196562,-51.96896337432609,-28.08686378771687,-12.266882256432629,-7.641689697879471,-5.241299220112514,-2.997169602935978,-2.090823730472397,-0.7975049999097396,151
15.2,-42.58865459906473,-52.31312869468587,-28.27286950816533,-12.348119887269931,-7.69229691442172,-5.276009810974186,-3.017018408253435,-2.104670245243738,-0.8027864899753671,152
15.3,-42.86884311616385,-52.65729401504565,-28.45887522861379,-12.429357518107235,-7.74290413096397,-5.310720401835859,-3.036867213570892,-2.1185167600150785,-0.8080679800409946,153
15.4,-43.14903163326295,-53.001459335405414,-28.644880949062237,-12.510595148944535,-7.793511347506216,-5.345430992697531,-3.0567160188883484,-2.1323632747864183,-0.8133494701066218,154
15.5,-43.42922015036207,-53.3456246557652,-28.830886669510697,-12.59183277978184,-7.844118564048466,-5.380141583559203,-3.0765648242058057,-2.146209789557759,-0.8186309601722493,155
15.6,-43.709408667461176,-53.68978997612497,-29.016892389959153,-12.673070410619141,-7.894725780590713,-5.414852174420876,-3.0964136295232625,-2.1600563043290992,-0.8239124502378767,156
15.7,-43.98959718456028,-54.03395529648474,-29.202898110407606,-12.754308041456442,-7.94533299713296,-5.449562765282547,-3.116262434840719,-2.1739028191004395,-0.829193940303504,157
15.8,-44.269785701659394,-54.37812061684452,-29.388903830856062,-12.835545672293744,-7.995940213675209,-5.48427335614422,-3.1361112401581757,-2.18774933387178,-0.8344754303691315,158
15.9,-44.5499742187585,-54.72228593720429,-29.574909551304515,-12.916783303131044,-8.046547430217457,-5.518983947005891,-3.155960045475632,-2.20159584864312,-0.8397569204347588,159
16.0,-44.83016273585761,-55.06645125756407,-29.760915271752975,-12.998020933968348,-8.097154646759705,-5.553694537867564,-3.1758088507930893,-2.2154423634144607,-0.8450384105003863,160
16.1,-45.110351252956725,-55.41061657792385,-29.946920992201434,-13.079258564805652,-8.147761863301954,-5.588405128729237,-3.1956576561105465,-2.2292888781858013,-0.8503199005660138,161
16.2,-45.39053977005583,-55.75478189828362,-30.132926712649887,-13.160496195642953,-8.1983690798442,-5.623115719590908,-3.215506461428003,-2.243135392957141,-0.8556013906316411,162
16.3,-45.670728287154944,-56.098947218643396,-30.318932433098343,-13.241733826480255,-8.24897629638645,-5.657826310452581,-3.2353552667454597,-2.256981907728482,-0.8608828806972686,163
16.4,-45.95091680425406,-56.44311253900318,-30.504938153546803,-13.322971457317559,-8.299583512928699,-5.692536901314254,-3.255204072062917,-2.2708284224998225,-0.8661643707628961,164
16.5,-46.23110532135316,-56.787277859362945,-30.690943873995256,-13.40420908815486,-8.350190729470945,-5.727247492175925,-3.2750528773803733,-2.2846749372711628,-0.8714458608285234,165
16.6,-46.511293838452275,-57.13144317972272,-30.876949594443715,-13.485446718992163,-8.400797946013196,-5.761958083037598,-3.2949016826978306,-2.298521452042503,-0.8767273508941509,166
16.7,-46.79148235555138,-57.475608500082494,-31.062955314892164,-13.566684349829464,-8.451405162555442,-5.796668673899269,-3.314750488015287,-2.3123679668138433,-0.8820088409597782,167
16.8,-47.07167087265049,-57.81977382044227,-31.248961035340624,-13.647921980666766,-8.50201237909769,-5.831379264760942,-3.3345992933327437,-2.326214481585184,-0.8872903310254057,168
16.9,-47.351859389749606,-58.16393914080206,-31.434966755789084,-13.72915961150407,-8.55261959563994,-5.866089855622615,-3.354448098650201,-2.340060996356524,-0.8925718210910332,169
17.0,-47.63204790684871,-58.50810446116182,-31.620972476237537,-13.81039724234137,-8.603226812182186,-5.900800446484286,-3.3742969039676574,-2.3539075111278644,-0.8978533111566604,170
17.1,-47.912236423947824,-58.852269781521606,-31.806978196685993,-13.891634873178674,-8.653834028724436,-5.935511037345959,-3.3941457092851146,-2.367754025899205,-0.903134801222288,171
17.2,-48.19242494104693,-59.19643510188137,-31.992983917134445,-13.972872504015974,-8.704441245266683,-5.970221628207631,-3.413994514602571,-2.381600540670545,-0.9084162912879152,172
17.3,-48.47261345814604,-59.54060042224115,-32.1789896375829,-14.054110134853277,-8.755048461808931,-6.004932219069304,-3.433843319920028,-2.3954470554418856,-0.9136977813535427,173
17.4,-48.75280197524516,-59.88476574260093,-32.364995358031365,-14.13534776569058,-8.805655678351181,-6.039642809930976,-3.453692125237485,-2.4092935702132263,-0.9189792714191702,174
17.5,-49.03299049234426,-60.2289310629607,-32.551001078479814,-14.216585396527881,-8.856262894893428,-6.074353400792648,-3.4735409305549414,-2.423140084984566,-0.9242607614847975,175
17.6,-49.31317900944338,-60.57309638332048,-32.73700679892828,-14.297823027365185,-8.906870111435676,-6.109063991654321,-3.4933897358723986,-2.436986599755907,-0.929542251550425,176
17.7,-49.59336752654248,-60.917261703680246,-32.92301251937673,-14.379060658202485,-8.957477327977923,-6.143774582515992,-3.513238541189855,-2.450833114527247,-0.9348237416160523,177
17.8,-49.8735560436416,-61.26142702404003,-33.10901823982518,-14.460298289039788,-9.008084544520173,-6.178485173377665,-3.533087346507312,-2.4646796292985877,-0.9401052316816798,178
17.9,-50.15374456074071,-61.60559234439981,-33.295023960273646,-14.541535919877091,-9.058691761062422,-6.213195764239338,-3.552936151824769,-2.478526144069928,-0.9453867217473073,179
18.0,-50.43393307783981,-61.949757664759574,-33.481029680722095,-14.622773550714392,-9.109298977604668,-6.2479063551010094,-3.5727849571422254,-2.4923726588412682,-0.9506682118129346,180
18.1,-50.71412159493893,-62.29392298511936,-33.66703540117056,-14.704011181551696,-9.159906194146917,-6.282616945962682,-3.5926337624596827,-2.506219173612609,-0.9559497018785621,181
18.2,-50.99431011203803,-62.63808830547912,-33.85304112161901,-14.785248812388996,-9.210513410689163,-6.3173275368243536,-3.612482567777139,-2.5200656883839487,-0.9612311919441894,182
18.3,-51.27449862913715,-62.98225362583891,-34.039046842067464,-14.866486443226298,-9.261120627231413,-6.3520381276860265,-3.632331373094596,-2.5339122031552894,-0.9665126820098169,183
18.4,-51.55468714623626,-63.326418946198686,-34.22505256251593,-14.947724074063602,-9.311727843773662,-6.386748718547699,-3.652180178412053,-2.54775871792663,-0.9717941720754444,184
18.5,-51.83487566333537,-63.67058426655846,-34.411058282964376,-15.028961704900903,-9.362335060315909,-6.421459309409371,-3.6720289837295095,-2.5616052326979704,-0.9770756621410717,185
18.6,-52.11506418043448,-64.01474958691823,-34.59706400341283,-15.110199335738207,-9.412942276858159,-6.4561699002710435,-3.6918777890469667,-2.5754517474693106,-0.9823571522066992,186
18.7,-52.395252697533586,-64.358914907278,-34.78306972386129,-15.191436966575507,-9.463549493400405,-6.490880491132715,-3.711726594364423,-2.589298262240651,-0.9876386422723265,187
18.8,-52.6754412146327,-64.70308022763778,-34.969075444309745,-15.27267459741281,-9.514156709942654,-6.525591081994388,-3.73157539968188,-2.6031447770119915,-0.992920132337954,188
18.9,-52.95562973173181,-65.04724554799756,-35.15508116475821,-15.353912228250113,-9.564763926484902,-6.560301672856061,-3.751424204999337,-2.616991291783332,-0.9982016224035815,189
19.0,-53.23581824883092,-65.39141086835733,-35.34108688520666,-15.435149859087414,-9.61537114302715,-6.595012263717733,-3.7712730103167935,-2.630837806554672,-1.0034831124692087,190
19.1,-53.51600676593003,-65.73557618871712,-35.52709260565511,-15.516387489924718,-9.665978359569399,-6.629722854579405,-3.7911218156342508,-2.6446843213260127,-1.0087646025348362,191
19.2,-53.79619528302914,-66.0797415090769,-35.71309832610358,-15.59762512076202,-9.716585576111648,-6.664433445441078,-3.8109706209517076,-2.658530836097353,-1.0140460926004637,192
19.3,-54.07638380012825,-66.42390682943666,-35.899104046552026,-15.67886275159932,-9.767192792653894,-6.69914403630275,-3.830819426269164,-2.672377350868693,-1.019327582666091,193
19.4,-54.35657231722736,-66.76807214979644,-36.08510976700049,-15.760100382436624,-9.817800009196144,-6.733854627164422,-3.850668231586621,-2.686223865640034,-1.0246090727317185,194
19.5,-54.636760834326466,-67.1122374701562,-36.27111548744894,-15.841338013273925,-9.868407225738391,-6.768565218026094,-3.8705170369040776,-2.7000703804113737,-1.0298905627973458,195
19.6,-54.91694935142558,-67.456402790516,-36.457121207897394,-15.922575644111228,-9.91901444228064,-6.803275808887767,-3.890365842221535,-2.7139168951827144,-1.0351720528629733,196
19.7,-55.19713786852469,-67.80056811087577,-36.64312692834586,-16.00381327494853,-9.969621658822888,-6.837986399749439,-3.9102146475389916,-2.727763409954055,-1.0404535429286008,197
19.8,-55.4773263856238,-68.14473343123554,-36.82913264879431,-16.08505090578583,-10.020228875365136,-6.872696990611111,-3.930063452856448,-2.7416099247253953,-1.045735032994228,198
19.9,-55.75751490272291,-68.48889875159531,-37.01513836924276,-16.166288536623135,-10.070836091907385,-6.907407581472784,-3.9499122581739052,-2.7554564394967356,-1.0510165230598556,199
20.0,-56.037703419822016,-68.83306407195508,-37.20114408969122,-16.247526167460435,-10.121443308449631,-6.942118172334455,-3.9697610634913616,-2.769302954268076,-1.0562980131254829,200
20.1,-56.31789193692113,-69.17722939231487,-37.387149810139675,-16.32876379829774,-10.17205052499188,-6.976828763196128,-3.989609868808819,-2.7831494690394165,-1.0615795031911104,201
20.2,-56.59808045402024,-69.52139471267465,-37.57315553058814,-16.410001429135043,-10.22265774153413,-7.011539354057801,-4.009458674126276,-2.7969959838107568,-1.0668609932567379,202
20.3,-56.87826897111935,-69.86556003303441,-37.75916125103659,-16.491239059972344,-10.273264958076377,-7.046249944919472,-4.029307479443732,-2.810842498582097,-1.0721424833223652,203
20.4,-57.15845748821846,-70.20972535339419,-37.945166971485044,-16.572476690809644,-10.323872174618625,-7.080960535781145,-4.049156284761189,-2.8246890133534377,-1.0774239733879927,204
20.5,-57.438646005317565,-70.55389067375397,-38.1311726919335,-16.653714321646945,-10.374479391160872,-7.115671126642816,-4.069005090078646,-2.838535528124778,-1.08270546345362,205
20.6,-57.71883452241668,-70.89805599411375,-38.317178412381956,-16.73495195248425,-10.425086607703122,-7.150381717504489,-4.0888538953961024,-2.852382042896118,-1.0879869535192475,206
20.7,-57.99902303951579,-71.24222131447353,-38.50318413283042,-16.816189583321552,-10.47569382424537,-7.185092308366162,-4.10870270071356,-2.866228557667459,-1.093268443584875,207
20.8,-58.2792115566149,-71.58638663483329,-38.68918985327887,-16.897427214158853,-10.526301040787617,-7.219802899227833,-4.128551506031016,-2.880075072438799,-1.0985499336505022,208
20.9,-58.55940007371401,-71.93055195519307,-38.875195573727325,-16.978664844996157,-10.576908257329865,-7.254513490089506,-4.148400311348473,-2.8939215872101394,-1.1038314237161297,209
21.0,-58.83958859081313,-72.27471727555285,-39.06120129417579,-17.05990247583346,-10.627515473872116,-7.289224080951179,-4.168249116665931,-2.90776810198148,-1.1091129137817572,210
21.1,-59.11977710791223,-72.61888259591262,-39.24720701462424,-17.14114010667076,-10.678122690414362,-7.32393467181285,-4.1880979219833865,-2.9216146167528203,-1.1143944038473845,211
21.2,-59.39996562501135,-72.9630479162724,-39.43321273507269,-17.222377737508065,-10.72872990695661,-7.358645262674523,-4.207946727300844,-2.9354611315241605,-1.119675893913012,212
21.3,-59.680154142110446,-73.30721323663217,-39.61921845552115,-17.303615368345366,-10.779337123498857,-7.393355853536195,-4.2277955326183,-2.949307646295501,-1.1249573839786393,213
21.4,-59.960342659209566,-73.65137855699194,-39.805224175969606,-17.384852999182666,-10.829944340041108,-7.428066444397867,-4.247644337935757,-2.9631541610668415,-1.1302388740442668,214
21.5,-60.240531176308664,-73.99554387735172,-39.99122989641806,-17.46609063001997,-10.880551556583354,-7.462777035259539,-4.267493143253214,-2.9770006758381813,-1.135520364109894,215
21.6,-60.520719693407784,-74.3397091977115,-40.17723561686652,-17.54732826085727,-10.931158773125603,-7.497487626121212,-4.2873419485706705,-2.990847190609522,-1.1408018541755216,216
21.7,-60.8009082105069,-74.68387451807128,-40.363241337314975,-17.628565891694574,-10.981765989667851,-7.532198216982884,-4.307190753888128,-3.0046937053808627,-1.146083344241149,217
21.8,-61.08109672760599,-75.02803983843103,-40.549247057763424,-17.70980352253187,-11.032373206210096,-7.5669088078445546,-4.327039559205583,-3.0185402201522025,-1.1513648343067762,218
21.9,-61.36128524470512,-75.37220515879083,-40.735252778211894,-17.791041153369182,-11.08298042275235,-7.60161939870623,-4.346888364523042,-3.0323867349235436,-1.156646324372404,219
22.0,-61.64147376180422,-75.7163704791506,-40.92125849866034,-17.87227878420648,-11.133587639294594,-7.6363299895679,-4.366737169840498,-3.0462332496948834,-1.1619278144380312,220
22.1,-61.921662278903334,-76.06053579951038,-41.1072642191088,-17.953516415043783,-11.184194855836843,-7.671040580429573,-4.386585975157955,-3.060079764466224,-1.1672093045036587,221
22.2,-62.20185079600245,-76.40470111987015,-41.293269939557256,-18.034754045881087,-11.234802072379093,-7.705751171291246,-4.406434780475412,-3.0739262792375643,-1.1724907945692862,222
22.3,-62.48203931310155,-76.74886644022992,-41.47927566000571,-18.115991676718387,-11.28540928892134,-7.7404617621529175,-4.426283585792868,-3.0877727940089046,-1.1777722846349135,223
22.4,-62.762227830200665,-77.09303176058971,-41.66528138045417,-18.197229307555688,-11.336016505463588,-7.77517235301459,-4.446132391110325,-3.1016193087802453,-1.183053774700541,224
22.5,-63.04241634729977,-77.43719708094947,-41.85128710090262,-18.278466938392988,-11.386623722005835,-7.809882943876262,-4.465981196427782,-3.1154658235515855,-1.1883352647661682,225
22.6,-63.32260486439888,-77.78136240130925,-42.03729282135108,-18.359704569230292,-11.437230938548085,-7.8445935347379345,-4.485830001745239,-3.1293123383229258,-1.1936167548317957,226
22.7,-63.60279338149799,-78.12552772166902,-42.22329854179953,-18.440942200067592,-11.487838155090332,-7.879304125599606,-4.505678807062695,-3.143158853094266,-1.198898244897423,227
22.8,-63.8829818985971,-78.4696930420288,-42.40930426224799,-18.522179830904896,-11.53844537163258,-7.914014716461279,-4.525527612380152,-3.1570053678656067,-1.2041797349630505,228
22.9,-64.16317041569621,-78.81385836238859,-42.59530998269645,-18.6034174617422,-11.589052588174829,-7.948725307322952,-4.545376417697609,-3.170851882636947,-1.209461225028678,229
23.0,-64.44335893279532,-79.15802368274835,-42.7813157031449,-18.6846550925795,-11.639659804717077,-7.983435898184624,-4.565225223015066,-3.184698397408287,-1.2147427150943053,230
23.1,-64.72354744989443,-79.50218900310811,-42.967321423593354,-18.7658927234168,-11.690267021259324,-8.018146489046295,-4.585074028332523,-3.1985449121796274,-1.2200242051599326,231
23.2,-65.00373596699355,-79.8463543234679,-43.15332714404182,-18.84713035425411,-11.740874237801574,-8.05285707990797,-4.60492283364998,-3.212391426950968,-1.2253056952255603,232
23.3,-65.28392448409265,-80.19051964382767,-43.339332864490274,-18.92836798509141,-11.79148145434382,-8.08756767076964,-4.624771638967436,-3.2262379417223084,-1.2305871852911876,233
23.4,-65.56411300119177,-80.53468496418746,-43.52533858493873,-19.00960561592871,-11.84208867088607,-8.122278261631314,-4.644620444284893,-3.240084456493649,-1.235868675356815,234
23.5,-65.84430151829088,-80.87885028454724,-43.711344305387186,-19.090843246766013,-11.892695887428319,-8.156988852492987,-4.664469249602351,-3.2539309712649898,-1.2411501654224426,235
23.6,-66.12449003538998,-81.223015604907,-43.89735002583564,-19.172080877603314,-11.943303103970566,-8.191699443354658,-4.684318054919807,-3.2677774860363296,-1.24643165548807,236
23.7,-66.4046785524891,-81.56718092526678,-44.0833557462841,-19.253318508440618,-11.993910320512814,-8.22641003421633,-4.704166860237264,-3.2816240008076702,-1.2517131455536974,237
23.8,-66.68486706958821,-81.91134624562656,-44.26936146673255,-19.334556139277918,-12.044517537055063,-8.261120625078002,-4.72401566555472,-3.2954705155790105,-1.2569946356193247,238
23.9,-66.96505558668731,-82.25551156598634,-44.45536718718101,-19.415793770115222,-12.095124753597311,-8.295831215939675,-4.743864470872177,-3.3093170303503507,-1.2622761256849522,239
24.0,-67.24524410378642,-82.5996768863461,-44.64137290762946,-19.497031400952523,-12.145731970139558,-8.330541806801346,-4.763713276189634,-3.323163545121691,-1.2675576157505795,240
24.1,-67.52543262088554,-82.94384220670588,-44.82737862807792,-19.578269031789826,-12.196339186681806,-8.365252397663019,-4.783562081507091,-3.3370100598930317,-1.272839105816207,241
24.2,-67.80562113798464,-83.28800752706566,-45.01338434852638,-19.65950666262713,-12.246946403224056,-8.399962988524692,-4.803410886824548,-3.350856574664372,-1.2781205958818345,242
24.3,-68.08580965508374,-83.63217284742542,-45.19939006897482,-19.740744293464427,-12.297553619766301,-8.434673579386361,-4.8232596921420035,-3.3647030894357117,-1.2834020859474615,243
24.4,-68.36599817218287,-83.97633816778523,-45.3853957894233,-19.821981924301735,-12.348160836308553,-8.469384170248038,-4.843108497459462,-3.3785496042070533,-1.2886835760130895,244
24.5,-68.64618668928198,-84.32050348814498,-45.57140150987174,-19.90321955513903,-12.398768052850798,-8.504094761109707,-4.862957302776918,-3.392396118978393,-1.2939650660787165,245
24.6,-68.92637520638108,-84.66466880850476,-45.757407230320204,-19.984457185976336,-12.449375269393048,-8.53880535197138,-4.882806108094375,-3.4062426337497334,-1.299246556144344,246
24.7,-69.2065637234802,-85.00883412886454,-45.94341295076866,-20.06569481681364,-12.499982485935297,-8.573515942833053,-4.9026549134118325,-3.420089148521074,-1.3045280462099715,247
24.8,-69.4867522405793,-85.35299944922431,-46.12941867121711,-20.14693244765094,-12.550589702477543,-8.608226533694724,-4.922503718729288,-3.4339356632924143,-1.3098095362755988,248
24.9,-69.76694075767841,-85.69716476958409,-46.31542439166557,-20.228170078488244,-12.601196919019792,-8.642937124556397,-4.942352524046745,-3.4477821780637545,-1.3150910263412263,249
25.0,-70.04712927477752,-86.04133008994386,-46.50143011211402,-20.309407709325544,-12.651804135562038,-8.677647715418068,-4.962201329364202,-3.461628692835095,-1.3203725164068536,250
25.1,-70.32731779187664,-86.38549541030363,-46.68743583256248,-20.39064534016285,-12.702411352104289,-8.712358306279741,-4.982050134681659,-3.4754752076064355,-1.325654006472481,251
25.2,-70.60750630897574,-86.72966073066341,-46.873441553010935,-20.47188297100015,-12.753018568646535,-8.747068897141412,-5.001898939999116,-3.4893217223777753,-1.3309354965381084,252
25.3,-70.88769482607485,-87.07382605102319,-47.05944727345939,-20.553120601837453,-12.803625785188784,-8.781779488003085,-5.021747745316572,-3.503168237149116,-1.336216986603736,253
25.4,-71.16788334317397,-87.41799137138297,-47.245452993907854,-20.634358232674753,-12.854233001731034,-8.816490078864758,-5.041596550634029,-3.5170147519204566,-1.3414984766693634,254
25.5,-71.44807186027307,-87.76215669174273,-47.4314587143563,-20.715595863512057,-12.90484021827328,-8.85120066972643,-5.061445355951486,-3.5308612666917965,-1.3467799667349907,255
25.6,-71.7282603773722,-88.10632201210252,-47.617464434804766,-20.79683349434936,-12.95544743481553,-8.885911260588104,-5.081294161268944,-3.5447077814631376,-1.3520614568006184,256
25.7,-72.0084488944713,-88.4504873324623,-47.80347015525322,-20.87807112518666,-13.006054651357777,-8.920621851449775,-5.1011429665864005,-3.558554296234478,-1.3573429468662457,257
25.8,-72.2886374115704,-88.79465265282207,-47.98947587570167,-20.95930875602396,-13.056661867900026,-8.955332442311446,-5.1209917719038565,-3.572400811005818,-1.362624436931873,258
25.9,-72.56882592866951,-89.13881797318184,-48.175481596150135,-21.040546386861266,-13.107269084442274,-8.99004303317312,-5.140840577221313,-3.5862473257771583,-1.3679059269975005,259
26.0,-72.84901444576863,-89.48298329354162,-48.36148731659859,-21.12178401769857,-13.157876300984523,-9.024753624034792,-5.160689382538771,-3.600093840548499,-1.373187417063128,260
26.1,-73.12920296286774,-89.82714861390139,-48.54749303704704,-21.20302164853587,-13.20848351752677,-9.059464214896463,-5.180538187856227,-3.6139403553198393,-1.3784689071287552,261
26.2,-73.40939147996684,-90.17131393426118,-48.733498757495504,-21.284259279373174,-13.25909073406902,-9.094174805758136,-5.200386993173685,-3.6277868700911795,-1.3837503971943828,262
26.3,-73.68957999706595,-90.51547925462094,-48.91950447794395,-21.365496910210474,-13.309697950611266,-9.12888539661981,-5.2202357984911405,-3.6416333848625198,-1.38903188726001,263
26.4,-73.96976851416505,-90.8596445749807,-49.10551019839241,-21.446734541047775,-13.360305167153513,-9.16359598748148,-5.240084603808597,-3.65547989963386,-1.3943133773256373,264
26.5,-74.24995703126417,-91.20380989534048,-49.291515918840865,-21.527972171885075,-13.410912383695761,-9.198306578343153,-5.259933409126054,-3.6693264144052007,-1.3995948673912648,265
26.6,-74.53014554836328,-91.54797521570026,-49.47752163928932,-21.60920980272238,-13.461519600238011,-9.233017169204826,-5.279782214443511,-3.683172929176541,-1.4048763574568923,266
26.7,-74.8103340654624,-91.89214053606005,-49.663527359737785,-21.690447433559683,-13.51212681678026,-9.267727760066498,-5.299631019760969,-3.6970194439478816,-1.4101578475225198,267
26.8,-75.09052258256149,-92.2363058564198,-49.84953308018623,-21.77168506439698,-13.562734033322505,-9.302438350928169,-5.319479825078424,-3.7108659587192214,-1.4154393375881469,268
26.9,-75.37071109966062,-92.58047117677961,-50.0355388006347,-21.85292269523429,-13.613341249864757,-9.337148941789843,-5.339328630395882,-3.7247124734905626,-1.4207208276537748,269
27.0,-75.65089961675972,-92.92463649713936,-50.221544521083146,-21.934160326071588,-13.663948466407003,-9.371859532651515,-5.359177435713338,-3.7385589882619024,-1.426002317719402,270
27.1,-75.93108813385884,-93.26880181749915,-50.4075502415316,-22.015397956908892,-13.714555682949252,-9.406570123513188,-5.379026241030795,-3.752405503033243,-1.4312838077850294,271
27.2,-76.21127665095796,-93.61296713785893,-50.59355596198006,-22.096635587746196,-13.7651628994915,-9.44128071437486,-5.398875046348253,-3.7662520178045833,-1.436565297850657,272
27.3,-76.49146516805705,-93.9571324582187,-50.779561682428515,-22.177873218583496,-13.815770116033747,-9.475991305236532,-5.418723851665709,-3.7800985325759235,-1.4418467879162842,273
27.4,-76.77165368515617,-94.30129777857847,-50.96556740287697,-22.259110849420797,-13.866377332575997,-9.510701896098205,-5.438572656983165,-3.7939450473472642,-1.4471282779819117,274
27.5,-77.05184220225527,-94.64546309893824,-51.15157312332543,-22.3403484802581,-13.916984549118244,-9.545412486959876,-5.458421462300622,-3.807791562118604,-1.452409768047539,275
27.6,-77.33203071935439,-94.98962841929803,-51.33757884377388,-22.4215861110954,-13.967591765660492,-9.580123077821549,-5.478270267618079,-3.8216380768899447,-1.4576912581131665,276
27.7,-77.61221923645348,-95.33379373965779,-51.52358456422233,-22.5028237419327,-14.018198982202739,-9.61483366868322,-5.498119072935536,-3.835484591661285,-1.4629727481787937,277
27.8,-77.8924077535526,-95.67795906001757,-51.709590284670796,-22.584061372770005,-14.068806198744989,-9.649544259544893,-5.517967878252993,-3.8493311064326257,-1.4682542382444213,278
27.9,-78.17259627065172,-96.02212438037735,-51.89559600511925,-22.66529900360731,-14.119413415287237,-9.684254850406566,-5.537816683570449,-3.863177621203966,-1.4735357283100488,279
28.0,-78.45278478775083,-96.36628970073713,-52.08160172556771,-22.74653663444461,-14.170020631829484,-9.718965441268237,-5.557665488887906,-3.877024135975306,-1.478817218375676,280
28.1,-78.73297330484995,-96.71045502109692,-52.26760744601617,-22.827774265281917,-14.220627848371734,-9.753676032129912,-5.577514294205364,-3.8908706507466473,-1.4840987084413038,281
28.2,-79.01316182194905,-97.05462034145668,-52.45361316646462,-22.909011896119218,-14.271235064913983,-9.788386622991583,-5.597363099522821,-3.904717165517987,-1.489380198506931,282
28.3,-79.29335033904816,-97.39878566181645,-52.63961888691308,-22.990249526956518,-14.32184228145623,-9.823097213853254,-5.617211904840277,-3.9185636802893273,-1.4946616885725583,283
28.4,-79.57353885614727,-97.74295098217623,-52.82562460736153,-23.07148715779382,-14.372449497998478,-9.857807804714927,-5.6370607101577335,-3.932410195060668,-1.4999431786381858,284
28.5,-79.85372737324639,-98.087116302536,-53.01163032780999,-23.152724788631122,-14.423056714540726,-9.8925183955766,-5.656909515475191,-3.9462567098320087,-1.5052246687038133,285
28.6,-80.13391589034549,-98.43128162289578,-53.197636048258445,-23.233962419468423,-14.473663931082974,-9.927228986438271,-5.676758320792647,-3.9601032246033485,-1.5105061587694406,286
28.7,-80.4141044074446,-98.77544694325556,-53.3836417687069,-23.315200050305727,-14.524271147625223,-9.961939577299944,-5.696607126110105,-3.973949739374689,-1.5157876488350681,287
28.8,-80.6942929245437,-99.11961226361532,-53.56964748915536,-23.396437681143027,-14.57487836416747,-9.996650168161615,-5.716455931427561,-3.9877962541460295,-1.5210691389006954,288
28.9,-80.97448144164281,-99.46377758397509,-53.75565320960381,-23.477675311980327,-14.625485580709716,-10.031360759023286,-5.7363047367450175,-4.001642768917369,-1.5263506289663227,289
29.0,-81.25466995874193,-99.80794290433488,-53.94165893005226,-23.55891294281763,-14.676092797251965,-10.06607134988496,-5.756153542062474,-4.01548928368871,-1.5316321190319502,290
29.1,-81.53485847584103,-100.15210822469466,-54.127664650500726,-23.640150573654935,-14.726700013794215,-10.100781940746632,-5.776002347379931,-4.029335798460051,-1.5369136090975777,291
29.2,-81.81504699294015,-100.49627354505444,-54.31367037094918,-23.72138820449224,-14.777307230336463,-10.135492531608305,-5.795851152697389,-4.043182313231391,-1.5421950991632052,292
29.3,-82.09523551003925,-100.84043886541419,-54.49967609139763,-23.802625835329536,-14.827914446878708,-10.170203122469976,-5.815699958014844,-4.057028828002731,-1.5474765892288322,293
29.4,-82.37542402713838,-101.18460418577399,-54.6856818118461,-23.883863466166844,-14.878521663420962,-10.204913713331651,-5.835548763332302,-4.070875342774072,-1.5527580792944602,294
29.5,-82.65561254423747,-101.52876950613376,-54.871687532294544,-23.965101097004144,-14.929128879963207,-10.23962430419332,-5.855397568649758,-4.084721857545412,-1.5580395693600873,295
29.6,-82.93580106133659,-101.87293482649353,-55.05769325274301,-24.046338727841444,-14.979736096505455,-10.274334895054993,-5.875246373967215,-4.098568372316753,-1.5633210594257148,296
29.7,-83.2159895784357,-102.21710014685331,-55.243698973191464,-24.12757635867875,-15.030343313047704,-10.309045485916666,-5.895095179284673,-4.112414887088093,-1.5686025494913423,297
29.8,-83.4961780955348,-102.56126546721308,-55.42970469363992,-24.20881398951605,-15.080950529589952,-10.343756076778337,-5.914943984602129,-4.126261401859433,-1.5738840395569695,298
29.9,-83.77636661263392,-102.90543078757285,-55.615710414088376,-24.290051620353353,-15.1315577461322,-10.37846666764001,-5.934792789919586,-4.1401079166307735,-1.579165529622597,299
30.0,-84.05655512973303,-103.24959610793263,-55.801716134536825,-24.371289251190653,-15.182164962674447,-10.413177258501683,-5.954641595237042,-4.153954431402114,-1.5844470196882243,300
30.1,-84.33674364683213,-103.59376142829241,-55.98772185498529,-24.452526882027957,-15.232772179216695,-10.447887849363354,-5.974490400554499,-4.167800946173454,-1.5897285097538518,301
30.2,-84.61693216393124,-103.93792674865217,-56.17372757543374,-24.533764512865258,-15.283379395758942,-10.482598440225027,-5.994339205871956,-4.181647460944794,-1.595009999819479,302
30.3,-84.89712068103036,-104.28209206901195,-56.359733295882194,-24.61500214370256,-15.333986612301192,-10.5173090310867,-6.014188011189413,-4.195493975716135,-1.6002914898851066,303
30.4,-85.17730919812946,-104.62625738937174,-56.54573901633066,-24.696239774539862,-15.38459382884344,-10.552019621948372,-6.03403681650687,-4.209340490487476,-1.6055729799507341,304
30.5,-85.45749771522857,-104.9704227097315,-56.7317447367791,-24.777477405377162,-15.435201045385686,-10.586730212810043,-6.0538856218243255,-4.223187005258815,-1.6108544700163612,305
30.6,-85.7376862323277,-105.3145880300913,-56.91775045722758,-24.85871503621447,-15.48580826192794,-10.621440803671717,-6.073734427141784,-4.237033520030157,-1.6161359600819891,306
30.7,-86.0178747494268,-105.65875335045106,-57.103756177676026,-24.93995266705177,-15.536415478470186,-10.656151394533389,-6.093583232459241,-4.250880034801496,-1.6214174501476164,307
30.8,-86.2980632665259,-106.00291867081083,-57.289761898124475,-25.02119029788907,-15.587022695012433,-10.690861985395061,-6.113432037776697,-4.264726549572837,-1.6266989402132437,308
30.9,-86.57825178362502,-106.34708399117062,-57.47576761857294,-25.102427928726375,-15.637629911554681,-10.725572576256734,-6.133280843094154,-4.278573064344178,-1.6319804302788712,309
31.0,-86.85844030072414,-106.6912493115304,-57.661773339021394,-25.18366555956368,-15.688237128096931,-10.760283167118406,-6.153129648411611,-4.292419579115518,-1.6372619203444987,310
31.1,-87.13862881782323,-107.03541463189016,-57.84777905946985,-25.26490319040098,-15.738844344639178,-10.794993757980079,-6.172978453729067,-4.306266093886858,-1.642543410410126,311
31.2,-87.41881733492235,-107.37957995224994,-58.03378477991831,-25.346140821238283,-15.789451561181426,-10.829704348841751,-6.192827259046525,-4.3201126086581985,-1.6478249004757535,312
31.3,-87.69900585202146,-107.7237452726097,-58.219790500366756,-25.427378452075583,-15.840058777723673,-10.864414939703423,-6.212676064363981,-4.333959123429539,-1.6531063905413808,313
31.4,-87.97919436912056,-108.06791059296948,-58.40579622081521,-25.508616082912884,-15.89066599426592,-10.899125530565094,-6.232524869681438,-4.347805638200879,-1.658387880607008,314
31.5,-88.25938288621967,-108.41207591332926,-58.59180194126367,-25.589853713750188,-15.94127321080817,-10.933836121426767,-6.2523736749988945,-4.361652152972219,-1.6636693706726355,315
31.6,-88.53957140331879,-108.75624123368904,-58.777807661712124,-25.671091344587488,-15.991880427350418,-10.96854671228844,-6.272222480316351,-4.37549866774356,-1.668950860738263,316
31.7,-88.81975992041791,-109.10040655404882,-58.96381338216059,-25.752328975424792,-16.042487643892667,-11.003257303150113,-6.292071285633809,-4.389345182514901,-1.6742323508038905,317
31.8,-89.099948437517,-109.44457187440858,-59.14981910260903,-25.83356660626209,-16.093094860434913,-11.037967894011782,-6.311920090951264,-4.40319169728624,-1.6795138408695176,318
31.9,-89.38013695461612,-109.78873719476837,-59.3358248230575,-25.914804237099396,-16.143702076977164,-11.072678484873457,-6.331768896268722,-4.417038212057581,-1.6847953309351453,319
32.0,-89.66032547171523,-110.13290251512814,-59.52183054350595,-25.996041867936697,-16.19430929351941,-11.107389075735128,-6.3516177015861786,-4.430884726828921,-1.6900768210007726,320
32.1,-89.94051398881435,-110.47706783548792,-59.707836263954405,-26.077279498774,-16.24491651006166,-11.1420996665968,-6.371466506903635,-4.444731241600262,-1.6953583110664001,321
32.2,-90.22070250591345,-110.8212331558477,-59.89384198440287,-26.158517129611305,-16.295523726603907,-11.176810257458474,-6.391315312221093,-4.458577756371603,-1.7006398011320276,322
32.3,-90.50089102301257,-111.16539847620747,-60.079847704851325,-26.239754760448605,-16.346130943146157,-11.211520848320147,-6.41116411753855,-4.472424271142943,-1.7059212911976551,323
32.4,-90.78107954011166,-111.50956379656724,-60.265853425299774,-26.320992391285905,-16.3967381596884,-11.246231439181816,-6.431012922856006,-4.486270785914282,-1.7112027812632822,324
32.5,-91.06126805721078,-111.85372911692701,-60.45185914574823,-26.402230022123206,-16.44734537623065,-11.280942030043489,-6.450861728173463,-4.500117300685623,-1.7164842713289097,325
32.6,-91.34145657430989,-112.19789443728679,-60.637864866196686,-26.48346765296051,-16.4979525927729,-11.315652620905162,-6.470710533490919,-4.513963815456964,-1.7217657613945372,326
32.7,-91.62164509140901,-112.54205975764657,-60.82387058664515,-26.564705283797814,-16.548559809315147,-11.350363211766835,-6.490559338808377,-4.527810330228304,-1.7270472514601647,327
32.8,-91.90183360850811,-112.88622507800636,-61.009876307093606,-26.645942914635118,-16.599167025857398,-11.385073802628508,-6.510408144125834,-4.541656844999645,-1.7323287415257922,328
32.9,-92.18202212560722,-113.23039039836611,-61.19588202754205,-26.727180545472415,-16.649774242399644,-11.419784393490177,-6.53025694944329,-4.555503359770984,-1.7376102315914193,329
33.0,-92.46221064270632,-113.57455571872589,-61.38188774799051,-26.80841817630972,-16.70038145894189,-11.45449498435185,-6.550105754760747,-4.5693498745423256,-1.7428917216570468,330
33.1,-92.74239915980544,-113.91872103908567,-61.56789346843897,-26.889655807147022,-16.75098867548414,-11.489205575213523,-6.569954560078203,-4.583196389313666,-1.7481732117226743,331
33.2,-93.02258767690455,-114.26288635944545,-61.75389918888743,-26.970893437984326,-16.80159589202639,-11.523916166075196,-6.589803365395661,-4.597042904085006,-1.7534547017883018,332
33.3,-93.30277619400367,-114.60705167980524,-61.93990490933589,-27.052131068821627,-16.852203108568638,-11.558626756936869,-6.609652170713118,-4.610889418856347,-1.7587361918539293,333
33.4,-93.58296471110276,-114.95121700016499,-62.12591062978433,-27.133368699658927,-16.902810325110885,-11.593337347798538,-6.629500976030574,-4.6247359336276865,-1.7640176819195563,334
33.5,-93.86315322820188,-115.29538232052477,-62.31191635023279,-27.21460633049623,-16.95341754165313,-11.628047938660211,-6.649349781348031,-4.638582448399027,-1.7692991719851838,335
33.6,-94.14334174530099,-115.63954764088454,-62.49792207068125,-27.29584396133353,-17.00402475819538,-11.662758529521884,-6.6691985866654875,-4.652428963170368,-1.7745806620508113,336
33.7,-94.4235302624001,-115.98371296124434,-62.683927791129705,-27.377081592170835,-17.05463197473763,-11.697469120383557,-6.689047391982945,-4.666275477941708,-1.7798621521164388,337
33.8,-94.70371877949921,-116.32787828160411,-62.86993351157817,-27.45831922300814,-17.10523919127988,-11.73217971124523,-6.708896197300402,-4.680121992713048,-1.7851436421820663,338
33.9,-94.98390729659832,-116.67204360196386,-63.05593923202661,-27.539556853845436,-17.155846407822125,-11.766890302106901,-6.728745002617858,-4.693968507484389,-1.7904251322476934,339
34.0,-95.26409581369742,-117.01620892232364,-63.24194495247507,-27.62079448468274,-17.20645362436437,-11.801600892968573,-6.748593807935315,-4.707815022255729,-1.795706622313321,340
34.1,-95.54428433079654,-117.36037424268342,-63.42795067292353,-27.702032115520044,-17.25706084090662,-11.836311483830245,-6.7684426132527715,-4.721661537027069,-1.8009881123789484,341
34.2,-95.82447284789565,-117.70453956304321,-63.613956393371986,-27.783269746357348,-17.307668057448872,-11.871022074691918,-6.788291418570229,-4.73550805179841,-1.806269602444576,342
34.3,-96.10466136499477,-118.04870488340299,-63.79996211382045,-27.86450737719465,-17.35827527399112,-11.905732665553591,-6.808140223887686,-4.7493545665697505,-1.8115510925102034,343
34.4,-96.38484988209386,-118.39287020376274,-63.98596783426889,-27.94574500803195,-17.408882490533365,-11.940443256415262,-6.827989029205142,-4.76320108134109,-1.8168325825758305,344
34.5,-96.66503839919298,-118.73703552412252,-64.17197355471735,-28.02698263886925,-17.459489707075615,-11.975153847276935,-6.847837834522599,-4.777047596112431,-1.822114072641458,345
34.6,-96.94522691629209,-119.0812008444823,-64.3579792751658,-28.108220269706553,-17.510096923617862,-12.009864438138608,-6.867686639840056,-4.790894110883771,-1.8273955627070855,346
34.7,-97.2254154333912,-119.42536616484209,-64.54398499561427,-28.189457900543857,-17.560704140160112,-12.04457502900028,-6.887535445157513,-4.8047406256551115,-1.832677052772713,347
34.8,-97.50560395049033,-119.76953148520187,-64.72999071606273,-28.27069553138116,-17.611311356702362,-12.079285619861952,-6.90738425047497,-4.818587140426453,-1.8379585428383405,348
34.9,-97.78579246758942,-120.11369680556162,-64.91599643651118,-28.351933162218458,-17.661918573244606,-12.113996210723624,-6.927233055792426,-4.832433655197792,-1.8432400329039675,349
35.0,-98.06598098468852,-120.4578621259214,-65.10200215695963,-28.433170793055762,-17.712525789786856,-12.148706801585297,-6.947081861109883,-4.846280169969132,-1.848521522969595,350
35.1,-98.34616950178764,-120.80202744628119,-65.28800787740809,-28.514408423893066,-17.763133006329102,-12.18341739244697,-6.96693066642734,-4.860126684740473,-1.8538030130352225,351
35.2,-98.62635801888676,-121.14619276664097,-65.47401359785655,-28.59564605473037,-17.813740222871353,-12.218127983308642,-6.986779471744797,-4.873973199511814,-1.85908450310085,352
35.3,-98.90654653598587,-121.49035808700074,-65.660019318305,-28.67688368556767,-17.864347439413603,-12.252838574170314,-7.006628277062254,-4.887819714283155,-1.8643659931664776,353
35.4,-99.18673505308496,-121.83452340736049,-65.84602503875345,-28.75812131640497,-17.914954655955846,-12.287549165031985,-7.02647708237971,-4.901666229054494,-1.8696474832321046,354
35.5,-99.46692357018408,-122.17868872772027,-66.03203075920192,-28.839358947242275,-17.965561872498096,-12.322259755893658,-7.046325887697167,-4.915512743825834,-1.8749289732977321,355
35.6,-99.7471120872832,-122.52285404808006,-66.21803647965037,-28.920596578079575,-18.016169089040346,-12.35697034675533,-7.066174693014624,-4.9293592585971755,-1.8802104633633596,356
35.7,-100.0273006043823,-122.86701936843984,-66.40404220009883,-29.00183420891688,-18.066776305582593,-12.391680937617004,-7.086023498332081,-4.943205773368516,-1.8854919534289871,357
35.8,-100.30748912148142,-123.21118468879962,-66.59004792054729,-29.083071839754183,-18.117383522124843,-12.426391528478677,-7.105872303649538,-4.957052288139856,-1.8907734434946146,358
35.9,-100.58767763858052,-123.55535000915937,-66.77605364099574,-29.16430947059148,-18.167990738667086,-12.461102119340346,-7.125721108966994,-4.970898802911196,-1.8960549335602417,359
36.0,-100.86786615567962,-123.89951532951915,-66.96205936144419,-29.245547101428784,-18.218597955209336,-12.495812710202019,-7.145569914284451,-4.9847453176825365,-1.9013364236258692,360
36.1,-101.14805467277874,-124.24368064987894,-67.14806508189265,-29.326784732266088,-18.269205171751587,-12.530523301063692,-7.165418719601908,-4.998591832453877,-1.9066179136914967,361
36.2,-101.42824318987786,-124.58784597023872,-67.33407080234112,-29.40802236310339,-18.319812388293833,-12.565233891925365,-7.185267524919365,-5.012438347225218,-1.9118994037571242,362
36.3,-101.70843170697697,-124.9320112905985,-67.52007652278957,-29.489259993940692,-18.370419604836083,-12.599944482787038,-7.205116330236822,-5.026284861996558,-1.9171808938227517,363
36.4,-101.98862022407606,-125.27617661095825,-67.70608224323801,-29.570497624777992,-18.421026821378327,-12.634655073648707,-7.224965135554278,-5.0401313767678975,-1.9224623838883788,364
36.5,-102.26880874117518,-125.62034193131804,-67.89208796368648,-29.651735255615293,-18.471634037920577,-12.66936566451038,-7.244813940871735,-5.053977891539239,-1.9277438739540063,365
36.6,-102.5489972582743,-125.96450725167782,-68.07809368413493,-29.732972886452597,-18.522241254462827,-12.704076255372053,-7.264662746189192,-5.067824406310579,-1.9330253640196338,366
36.7,-102.8291857753734,-126.3086725720376,-68.26409940458339,-29.8142105172899,-18.572848471005074,-12.738786846233726,-7.284511551506649,-5.081670921081919,-1.9383068540852613,367
36.8,-103.10937429247252,-126.65283789239737,-68.45010512503185,-29.895448148127205,-18.623455687547324,-12.773497437095399,-7.304360356824106,-5.09551743585326,-1.9435883441508888,368
36.9,-103.38956280957161,-126.99700321275712,-68.63611084548029,-29.9766857789645,-18.67406290408957,-12.808208027957068,-7.324209162141562,-5.1093639506246,-1.9488698342165158,369
37.0,-103.66975132667073,-127.34116853311691,-68.82211656592875,-30.057923409801806,-18.724670120631817,-12.842918618818741,-7.344057967459019,-5.123210465395941,-1.9541513242821433,370
37.1,-103.94993984376984,-127.68533385347669,-69.00812228637722,-30.13916104063911,-18.775277337174067,-12.877629209680414,-7.363906772776476,-5.137056980167281,-1.9594328143477708,371
37.2,-104.23012836086896,-128.02949917383646,-69.19412800682566,-30.220398671476413,-18.825884553716318,-12.912339800542087,-7.3837555780939335,-5.150903494938621,-1.9647143044133983,372
37.3,-104.51031687796807,-128.37366449419625,-69.38013372727413,-30.301636302313714,-18.876491770258564,-12.94705039140376,-7.40360438341139,-5.164750009709962,-1.9699957944790258,373
37.4,-104.79050539506717,-128.717829814556,-69.56613944772258,-30.382873933151014,-18.92709898680081,-12.98176098226543,-7.423453188728846,-5.178596524481302,-1.975277284544653,374
37.5,-105.07069391216628,-129.06199513491578,-69.75214516817104,-30.464111563988318,-18.977706203343057,-13.016471573127102,-7.443301994046303,-5.192443039252642,-1.9805587746102804,375
37.6,-105.3508824292654,-129.40616045527557,-69.93815088861949,-30.54534919482562,-19.028313419885308,-13.051182163988775,-7.46315079936376,-5.206289554023983,-1.985840264675908,376
37.7,-105.6310709463645,-129.75032577563536,-70.12415660906795,-30.626586825662923,-19.078920636427558,-13.085892754850448,-7.4829996046812175,-5.220136068795323,-1.9911217547415354,377
37.8,-105.91125946346362,-130.09449109599512,-70.31016232951642,-30.707824456500227,-19.129527852969805,-13.120603345712121,-7.502848409998674,-5.233982583566664,-1.996403244807163,378
37.9,-106.19144798056271,-130.4386564163549,-70.49616804996485,-30.789062087337523,-19.18013506951205,-13.155313936573792,-7.52269721531613,-5.247829098338004,-2.00168473487279,379
38.0,-106.47163649766183,-130.78282173671465,-70.68217377041331,-30.870299718174827,-19.2307422860543,-13.190024527435465,-7.542546020633587,-5.261675613109344,-2.0069662249384175,380
38.1,-106.75182501476094,-131.12698705707444,-70.86817949086178,-30.95153734901213,-19.281349502596548,-13.224735118297136,-7.562394825951044,-5.275522127880684,-2.0122477150040448,381
38.2,-107.03201353186006,-131.47115237743424,-71.05418521131023,-31.032774979849435,-19.331956719138798,-13.25944570915881,-7.5822436312685015,-5.289368642652025,-2.0175292050696725,382
38.3,-107.31220204895918,-131.815317697794,-71.24019093175869,-31.114012610686736,-19.382563935681045,-13.294156300020482,-7.602092436585958,-5.303215157423366,-2.0228106951352998,383
38.4,-107.59239056605828,-132.1594830181538,-71.42619665220715,-31.19525024152404,-19.433171152223295,-13.328866890882155,-7.621941241903415,-5.317061672194706,-2.0280921852009275,384
38.5,-107.87257908315738,-132.50364833851353,-71.61220237265559,-31.276487872361336,-19.48377836876554,-13.363577481743826,-7.641790047220871,-5.330908186966046,-2.0333736752665548,385
38.6,-108.1527676002565,-132.84781365887332,-71.79820809310405,-31.35772550319864,-19.53438558530779,-13.3982880726055,-7.661638852538328,-5.344754701737386,-2.038655165332182,386
38.7,-108.4329561173556,-133.1919789792331,-71.98421381355251,-31.438963134035944,-19.58499280185004,-13.43299866346717,-7.681487657855786,-5.358601216508727,-2.0439366553978093,387
38.8,-108.71314463445472,-133.53614429959288,-72.17021953400098,-31.52020076487325,-19.63560001839229,-13.467709254328843,-7.701336463173242,-5.372447731280068,-2.049218145463437,388
38.9,-108.99333315155384,-133.88030961995267,-72.35622525444943,-31.601438395710552,-19.686207234934535,-13.502419845190516,-7.721185268490699,-5.386294246051408,-2.0544996355290643,389
39.0,-109.27352166865293,-134.2244749403124,-72.54223097489788,-31.68267602654785,-19.736814451476782,-13.537130436052188,-7.741034073808155,-5.400140760822747,-2.0597811255946916,390
39.1,-109.55371018575204,-134.5686402606722,-72.72823669534634,-31.763913657385153,-19.78742166801903,-13.57184102691386,-7.760882879125612,-5.4139872755940885,-2.065062615660319,391
39.2,-109.83389870285116,-134.912805581032,-72.91424241579479,-31.845151288222457,-19.83802888456128,-13.606551617775533,-7.78073168444307,-5.427833790365429,-2.0703441057259466,392
39.3,-110.11408721995028,-135.25697090139175,-73.10024813624325,-31.926388919059757,-19.88863610110353,-13.641262208637205,-7.800580489760526,-5.44168030513677,-2.075625595791574,393
39.4,-110.39427573704938,-135.60113622175155,-73.28625385669172,-32.00762654989706,-19.939243317645776,-13.675972799498878,-7.820429295077983,-5.45552681990811,-2.0809070858572016,394
39.5,-110.67446425414848,-135.94530154211128,-73.47225957714015,-32.08886418073436,-19.989850534188022,-13.710683390360549,-7.840278100395439,-5.4693733346794495,-2.0861885759228285,395
39.6,-110.9546527712476,-136.28946686247107,-73.65826529758861,-32.17010181157166,-20.040457750730273,-13.745393981222222,-7.860126905712896,-5.483219849450791,-2.091470065988456,396
39.7,-111.23484128834671,-136.63363218283087,-73.84427101803708,-32.25133944240897,-20.09106496727252,-13.780104572083895,-7.879975711030354,-5.497066364222131,-2.0967515560540835,397
39.8,-111.51502980544582,-136.97779750319063,-74.03027673848553,-32.33257707324627,-20.14167218381477,-13.814815162945568,-7.8998245163478105,-5.510912878993471,-2.102033046119711,398
39.9,-111.79521832254494,-137.32196282355042,-74.21628245893399,-32.41381470408357,-20.192279400357016,-13.849525753807239,-7.919673321665267,-5.524759393764812,-2.1073145361853385,399
40.0,-112.07540683964403,-137.66612814391016,-74.40228817938244,-32.49505233492087,-20.242886616899263,-13.88423634466891,-7.939522126982723,-5.538605908536152,-2.1125960262509658,400
40.1,-112.35559535674315,-138.01029346426995,-74.5882938998309,-32.57628996575817,-20.293493833441513,-13.918946935530583,-7.95937093230018,-5.552452423307492,-2.117877516316593,401
40.2,-112.63578387384226,-138.35445878462974,-74.77429962027935,-32.65752759659548,-20.34410104998376,-13.953657526392256,-7.979219737617638,-5.566298938078833,-2.1231590063822208,402
40.3,-112.91597239094138,-138.6986241049895,-74.96030534072781,-32.73876522743278,-20.39470826652601,-13.988368117253929,-7.9990685429350945,-5.580145452850173,-2.128440496447848,403
40.4,-113.19616090804048,-139.0427894253493,-75.14631106117628,-32.82000285827009,-20.44531548306826,-14.023078708115602,-8.018917348252552,-5.5939919676215135,-2.1337219865134758,404
40.5,-113.47634942513959,-139.38695474570906,-75.33231678162471,-32.90124048910738,-20.495922699610503,-14.057789298977271,-8.038766153570007,-5.607838482392854,-2.139003476579103,405
40.6,-113.7565379422387,-139.73112006606883,-75.51832250207318,-32.98247811994469,-20.546529916152753,-14.092499889838944,-8.058614958887464,-5.621684997164194,-2.1442849666447303,406
40.7,-114.03672645933781,-140.07528538642862,-75.70432822252164,-33.06371575078199,-20.597137132695,-14.127210480700617,-8.07846376420492,-5.635531511935534,-2.1495664567103576,407
40.8,-114.31691497643692,-140.41945070678838,-75.89033394297009,-33.14495338161929,-20.64774434923725,-14.16192107156229,-8.098312569522378,-5.649378026706875,-2.1548479467759853,408
40.9,-114.59710349353604,-140.76361602714817,-76.07633966341855,-33.226191012456596,-20.6983515657795,-14.196631662423963,-8.118161374839836,-5.663224541478216,-2.1601294368416126,409
41.0,-114.87729201063513,-141.10778134750794,-76.262345383867,-33.30742864329389,-20.748958782321743,-14.231342253285632,-8.138010180157291,-5.677071056249556,-2.16541092690724,410
41.1,-115.15748052773425,-141.4519466678677,-76.44835110431545,-33.3886662741312,-20.799565998863994,-14.266052844147305,-8.157858985474748,-5.690917571020896,-2.170692416972867,411
41.2,-115.43766904483336,-141.7961119882275,-76.63435682476391,-33.4699039049685,-20.850173215406244,-14.300763435008978,-8.177707790792205,-5.704764085792236,-2.175973907038495,412
41.3,-115.71785756193249,-142.1402773085873,-76.82036254521239,-33.55114153580581,-20.900780431948494,-14.335474025870653,-8.197556596109663,-5.718610600563578,-2.1812553971041226,413
41.4,-115.99804607903158,-142.48444262894705,-77.00636826566084,-33.632379166643105,-20.95138764849074,-14.370184616732324,-8.21740540142712,-5.732457115334918,-2.18653688716975,414
41.5,-116.27823459613069,-142.82860794930681,-77.19237398610927,-33.713616797480405,-21.001994865032984,-14.404895207593993,-8.237254206744575,-5.746303630106257,-2.1918183772353768,415
41.6,-116.5584231132298,-143.17277326966658,-77.37837970655774,-33.794854428317706,-21.052602081575234,-14.439605798455666,-8.257103012062032,-5.760150144877598,-2.1970998673010045,416
41.7,-116.83861163032891,-143.51693859002637,-77.5643854270062,-33.87609205915501,-21.103209298117484,-14.47431638931734,-8.276951817379489,-5.7739966596489385,-2.2023813573666318,417
41.8,-117.11880014742802,-143.86110391038613,-77.75039114745465,-33.957329689992314,-21.15381651465973,-14.509026980179012,-8.296800622696946,-5.787843174420279,-2.2076628474322595,418
41.9,-117.39898866452714,-144.20526923074593,-77.93639686790311,-34.038567320829614,-21.20442373120198,-14.543737571040685,-8.316649428014404,-5.80168968919162,-2.2129443374978868,419
42.0,-117.67917718162626,-144.5494345511057,-78.12240258835158,-34.11980495166692,-21.25503094774423,-14.578448161902358,-8.336498233331861,-5.81553620396296,-2.2182258275635145,420
42.1,-117.95936569872536,-144.89359987146548,-78.30840830880003,-34.20104258250422,-21.305638164286478,-14.613158752764031,-8.356347038649318,-5.8293827187343,-2.2235073176291418,421
42.2,-118.23955421582446,-145.23776519182525,-78.49441402924847,-34.28228021334152,-21.356245380828724,-14.6478693436257,-8.376195843966773,-5.843229233505641,-2.228788807694769,422
42.3,-118.51974273292358,-145.581930512185,-78.68041974969694,-34.36351784417882,-21.40685259737097,-14.682579934487373,-8.39604464928423,-5.857075748276981,-2.2340702977603963,423
42.4,-118.7999312500227,-145.9260958325448,-78.86642547014539,-34.44475547501613,-21.45745981391322,-14.717290525349046,-8.415893454601688,-5.870922263048321,-2.239351787826024,424
42.5,-119.08011976712179,-146.27026115290457,-79.05243119059384,-34.52599310585342,-21.508067030455468,-14.752001116210717,-8.435742259919143,-5.884768777819661,-2.2446332778916513,425
42.6,-119.36030828422089,-146.61442647326433,-79.2384369110423,-34.60723073669073,-21.558674246997715,-14.78671170707239,-8.4555910652366,-5.898615292591002,-2.2499147679572786,426
42.7,-119.64049680132001,-146.95859179362412,-79.42444263149076,-34.68846836752803,-21.609281463539965,-14.821422297934062,-8.475439870554057,-5.912461807362342,-2.255196258022906,427
42.8,-119.92068531841913,-147.3027571139839,-79.61044835193921,-34.76970599836533,-21.659888680082215,-14.856132888795734,-8.495288675871514,-5.926308322133683,-2.2604777480885336,428
42.9,-120.20087383551822,-147.64692243434365,-79.79645407238766,-34.85094362920263,-21.710495896624458,-14.890843479657406,-8.51513748118897,-5.940154836905022,-2.265759238154161,429
43.0,-120.48106235261733,-147.99108775470344,-79.98245979283612,-34.93218126003994,-21.76110311316671,-14.925554070519079,-8.534986286506427,-5.954001351676363,-2.271040728219788,430
43.1,-120.76125086971645,-148.3352530750632,-80.16846551328457,-35.01341889087724,-21.811710329708955,-14.960264661380752,-8.554835091823884,-5.967847866447704,-2.2763222182854155,431
43.2,-121.04143938681557,-148.679418395423,-80.35447123373304,-35.09465652171454,-21.862317546251205,-14.994975252242424,-8.574683897141341,-5.981694381219044,-2.281603708351043,432
43.3,-121.32162790391467,-149.02358371578276,-80.5404769541815,-35.17589415255185,-21.912924762793455,-15.029685843104096,-8.594532702458798,-5.995540895990385,-2.2868851984166705,433
43.4,-121.6018164210138,-149.36774903614256,-80.72648267462995,-35.25713178338915,-21.963531979335702,-15.064396433965769,-8.614381507776256,-6.009387410761725,-2.292166688482298,434
43.5,-121.88200493811289,-149.71191435650232,-80.9124883950784,-35.33836941422645,-22.01413919587795,-15.09910702482744,-8.634230313093711,-6.023233925533065,-2.297448178547925,435
43.6,-122.16219345521198,-150.05607967686205,-81.09849411552685,-35.41960704506374,-22.06474641242019,-15.133817615689109,-8.654079118411167,-6.037080440304405,-2.3027296686135523,436
43.7,-122.4423819723111,-150.40024499722185,-81.28449983597531,-35.50084467590105,-22.115353628962442,-15.168528206550782,-8.673927923728625,-6.050926955075745,-2.30801115867918,437
43.8,-122.72257048941024,-150.74441031758167,-81.47050555642379,-35.582082306738364,-22.1659608455047,-15.20323879741246,-8.693776729046084,-6.064773469847087,-2.313292648744808,438
43.9,-123.00275900650934,-151.08857563794143,-81.65651127687224,-35.66331993757566,-22.216568062046942,-15.23794938827413,-8.71362553436354,-6.0786199846184275,-2.318574138810435,439
44.0,-123.28294752360844,-151.4327409583012,-81.84251699732069,-35.74455756841296,-22.26717527858919,-15.2726599791358,-8.733474339680996,-6.092466499389767,-2.3238556288760623,440
44.1,-123.56313604070755,-151.77690627866096,-82.02852271776914,-35.82579519925026,-22.31778249513144,-15.307370569997474,-8.753323144998452,-6.106313014161107,-2.3291371189416896,441
44.2,-123.84332455780667,-152.12107159902075,-82.2145284382176,-35.907032830087566,-22.368389711673686,-15.342081160859147,-8.77317195031591,-6.120159528932448,-2.3344186090073173,442
44.3,-124.12351307490577,-152.46523691938052,-82.40053415866606,-35.988270460924866,-22.418996928215936,-15.37679175172082,-8.793020755633366,-6.134006043703788,-2.3397000990729446,443
44.4,-124.4037015920049,-152.8094022397403,-82.58653987911451,-36.069508091762174,-22.469604144758186,-15.411502342582493,-8.812869560950825,-6.147852558475129,-2.3449815891385724,444
44.5,-124.683890109104,-153.1535675601001,-82.77254559956297,-36.150745722599474,-22.520211361300433,-15.446212933444166,-8.832718366268281,-6.16169907324647,-2.3502630792041996,445
44.6,-124.9640786262031,-153.49773288045984,-82.95855132001142,-36.231983353436775,-22.57081857784268,-15.480923524305835,-8.852567171585736,-6.175545588017809,-2.355544569269827,446
44.7,-125.24426714330221,-153.84189820081963,-83.14455704045987,-36.313220984274075,-22.621425794384926,-15.515634115167508,-8.872415976903193,-6.189392102789149,-2.360826059335454,447
44.8,-125.52445566040133,-154.18606352117942,-83.33056276090834,-36.394458615111375,-22.672033010927176,-15.55034470602918,-8.89226478222065,-6.2032386175604906,-2.366107549401082,448
44.9,-125.80464417750044,-154.53022884153918,-83.5165684813568,-36.47569624594868,-22.722640227469427,-15.585055296890854,-8.912113587538109,-6.217085132331831,-2.371389039466709,449
45.0,-126.08483269459954,-154.87439416189895,-83.70257420180523,-36.556933876785976,-22.77324744401167,-15.619765887752523,-8.931962392855564,-6.230931647103171,-2.3766705295323365,450
45.1,-126.36502121169865,-155.2185594822587,-83.8885799222537,-36.638171507623284,-22.82385466055392,-15.654476478614196,-8.95181119817302,-6.244778161874511,-2.3819520195979638,451
45.2,-126.64520972879777,-155.5627248026185,-84.07458564270216,-36.719409138460584,-22.87446187709617,-15.689187069475869,-8.971660003490477,-6.2586246766458515,-2.3872335096635915,452
45.3,-126.92539824589687,-155.9068901229783,-84.26059136315062,-36.80064676929789,-22.925069093638417,-15.723897660337542,-8.991508808807934,-6.272471191417193,-2.3925149997292188,453
45.4,-127.20558676299598,-156.25105544333803,-84.44659708359906,-36.881884400135185,-22.975676310180663,-15.758608251199211,-9.01135761412539,-6.286317706188532,-2.397796489794846,454
45.5,-127.48577528009508,-156.59522076369782,-84.63260280404752,-36.96312203097249,-23.02628352672291,-15.793318842060884,-9.031206419442848,-6.300164220959872,-2.4030779798604733,455
45.6,-127.7659637971942,-156.9393860840576,-84.81860852449599,-37.04435966180979,-23.07689074326516,-15.828029432922557,-9.051055224760304,-6.314010735731213,-2.408359469926101,456
45.7,-128.04615231429332,-157.28355140441738,-85.00461424494443,-37.1255972926471,-23.12749795980741,-15.86274002378423,-9.070904030077761,-6.327857250502554,-2.4136409599917283,457
45.8,-128.32634083139243,-157.62771672477717,-85.1906199653929,-37.2068349234844,-23.178105176349657,-15.897450614645903,-9.090752835395218,-6.341703765273894,-2.418922450057356,458
45.9,-128.60652934849153,-157.97188204513694,-85.37662568584136,-37.2880725543217,-23.228712392891907,-15.932161205507576,-9.110601640712677,-6.355550280045235,-2.4242039401229833,459
46.0,-128.88671786559064,-158.3160473654967,-85.5626314062898,-37.369310185159,-23.279319609434154,-15.966871796369247,-9.130450446030132,-6.369396794816574,-2.4294854301886106,460
46.1,-129.16690638268972,-158.66021268585646,-85.74863712673825,-37.4505478159963,-23.329926825976397,-16.00158238723092,-9.150299251347587,-6.383243309587914,-2.434766920254238,461
46.2,-129.44709489978885,-159.00437800621623,-85.93464284718671,-37.5317854468336,-23.380534042518647,-16.03629297809259,-9.170148056665045,-6.397089824359255,-2.440048410319865,462
46.3,-129.72728341688799,-159.34854332657605,-86.12064856763519,-37.61302307767092,-23.4311412590609,-16.071003568954268,-9.189996861982504,-6.410936339130597,-2.4453299003854934,463
46.4,-130.0074719339871,-159.6927086469358,-86.30665428808364,-37.69426070850822,-23.481748475603148,-16.10571415981594,-9.20984566729996,-6.424782853901936,-2.4506113904511206,464
46.5,-130.2876604510862,-160.03687396729558,-86.49266000853208,-37.77549833934551,-23.532355692145394,-16.140424750677607,-9.229694472617416,-6.4386293686732765,-2.455892880516748,465
46.6,-130.5678489681853,-160.38103928765534,-86.67866572898055,-37.85673597018282,-23.58296290868764,-16.17513534153928,-9.249543277934873,-6.452475883444617,-2.461174370582375,466
46.7,-130.8480374852844,-160.72520460801513,-86.864671449429,-37.93797360102012,-23.63357012522989,-16.209845932400953,-9.26939208325233,-6.466322398215957,-2.4664558606480025,467
46.8,-131.12822600238354,-161.06936992837493,-87.05067716987746,-38.01921123185742,-23.68417734177214,-16.244556523262627,-9.289240888569786,-6.480168912987298,-2.47173735071363,468
46.9,-131.40841451948265,-161.4135352487347,-87.23668289032592,-38.100448862694726,-23.734784558314388,-16.2792671141243,-9.309089693887245,-6.494015427758638,-2.4770188407792575,469
47.0,-131.68860303658175,-161.75770056909448,-87.42268861077437,-38.18168649353203,-23.785391774856638,-16.313977704985973,-9.328938499204702,-6.5078619425299795,-2.482300330844885,470
47.1,-131.96879155368086,-162.10186588945425,-87.60869433122282,-38.26292412436933,-23.83599899139888,-16.34868829584764,-9.348787304522157,-6.521708457301319,-2.487581820910512,471
47.2,-132.24898007077996,-162.446031209814,-87.79470005167128,-38.34416175520663,-23.88660620794113,-16.383398886709315,-9.368636109839613,-6.535554972072659,-2.49286331097614,472
47.3,-132.52916858787907,-162.7901965301738,-87.98070577211973,-38.425399386043935,-23.93721342448338,-16.418109477570987,-9.38848491515707,-6.549401486844,-2.498144801041767,473
47.4,-132.8093571049782,-163.13436185053357,-88.1667114925682,-38.506637016881236,-23.98782064102563,-16.45282006843266,-9.408333720474529,-6.5632480016153405,-2.503426291107395,474
47.5,-133.08954562207728,-163.47852717089333,-88.35271721301665,-38.587874647718536,-24.038427857567875,-16.48753065929433,-9.428182525791984,-6.57709451638668,-2.5087077811730216,475
47.6,-133.36973413917642,-163.82269249125312,-88.5387229334651,-38.669112278555836,-24.089035074110125,-16.522241250156004,-9.44803133110944,-6.590941031158021,-2.5139892712386493,476
47.7,-133.64992265627552,-164.16685781161289,-88.72472865391356,-38.750349909393144,-24.13964229065237,-16.556951841017675,-9.467880136426897,-6.604787545929361,-2.5192707613042766,477
47.8,-133.93011117337463,-164.51102313197268,-88.91073437436202,-38.831587540230444,-24.190249507194622,-16.59166243187935,-9.487728941744354,-6.6186340607007015,-2.5245522513699044,478
47.9,-134.21029969047373,-164.8551884523324,-89.09674009481047,-38.912825171067745,-24.240856723736865,-16.62637302274102,-9.507577747061811,-6.632480575472042,-2.5298337414355316,479
48.0,-134.49048820757284,-165.1993537726922,-89.28274581525892,-38.994062801905045,-24.291463940279115,-16.661083613602692,-9.527426552379268,-6.646327090243382,-2.535115231501159,480
48.1,-134.77067672467194,-165.543519093052,-89.46875153570738,-39.075300432742345,-24.342071156821365,-16.695794204464363,-9.547275357696725,-6.660173605014722,-2.540396721566786,481
48.2,-135.05086524177108,-165.88768441341176,-89.65475725615585,-39.15653806357965,-24.392678373363612,-16.730504795326038,-9.567124163014181,-6.674020119786063,-2.545678211632414,482
48.3,-135.33105375887018,-166.23184973377155,-89.8407629766043,-39.23777569441695,-24.443285589905862,-16.76521538618771,-9.586972968331638,-6.687866634557404,-2.550959701698041,483
48.4,-135.6112422759693,-166.57601505413132,-90.02676869705276,-39.31901332525426,-24.493892806448113,-16.799925977049384,-9.606821773649097,-6.701713149328744,-2.556241191763669,484
48.5,-135.8914307930684,-166.92018037449108,-90.21277441750121,-39.400250956091554,-24.544500022990356,-16.834636567911055,-9.626670578966552,-6.715559664100084,-2.561522681829296,485
48.6,-136.17161931016747,-167.26434569485085,-90.39878013794964,-39.481488586928855,-24.595107239532602,-16.869347158772722,-9.646519384284007,-6.7294061788714234,-2.566804171894923,486
48.7,-136.45180782726663,-167.60851101521067,-90.58478585839813,-39.56272621776617,-24.645714456074856,-16.9040577496344,-9.666368189601467,-6.743252693642766,-2.572085661960551,487
48.8,-136.73199634436574,-167.95267633557046,-90.7707915788466,-39.64396384860347,-24.696321672617106,-16.938768340496075,-9.686216994918924,-6.757099208414107,-2.577367152026179,488
48.9,-137.01218486146485,-168.2968416559302,-90.95679729929503,-39.72520147944077,-24.746928889159353,-16.973478931357743,-9.70606580023638,-6.770945723185446,-2.582648642091806,489
49.0,-137.29237337856395,-168.64100697628996,-91.14280301974348,-39.80643911027806,-24.797536105701596,-17.008189522219414,-9.725914605553836,-6.784792237956786,-2.587930132157433,490
49.1,-137.57256189566306,-168.98517229664975,-91.32880874019195,-39.88767674111537,-24.848143322243846,-17.04290011308109,-9.745763410871293,-6.7986387527281265,-2.5932116222230603,491
49.2,-137.85275041276216,-169.32933761700951,-91.51481446064041,-39.96891437195267,-24.898750538786096,-17.07761070394276,-9.76561221618875,-6.812485267499467,-2.598493112288688,492
49.3,-138.13293892986127,-169.6735029373693,-91.70082018108886,-40.05015200278998,-24.949357755328343,-17.11232129480443,-9.785461021506206,-6.826331782270808,-2.6037746023543153,493
49.4,-138.4131274469604,-170.01766825772907,-91.88682590153732,-40.13138963362728,-24.999964971870593,-17.147031885666106,-9.805309826823665,-6.840178297042148,-2.609056092419943,494
49.5,-138.6933159640595,-170.36183357808886,-92.07283162198578,-40.21262726446459,-25.05057218841284,-17.181742476527777,-9.825158632141122,-6.854024811813488,-2.6143375824855704,495
49.6,-138.9735044811586,-170.70599889844863,-92.25883734243422,-40.29386489530188,-25.101179404955086,-17.21645306738945,-9.845007437458577,-6.867871326584829,-2.6196190725511976,496
49.7,-139.25369299825772,-171.0501642188084,-92.44484306288268,-40.37510252613919,-25.151786621497337,-17.251163658251123,-9.864856242776034,-6.881717841356169,-2.624900562616825,497
49.8,-139.53388151535682,-171.39432953916818,-92.63084878333115,-40.45634015697649,-25.202393838039583,-17.285874249112794,-9.88470504809349,-6.895564356127509,-2.6301820526824526,498
49.9,-139.81407003245596,-171.73849485952795,-92.8168545037796,-40.53757778781379,-25.253001054581834,-17.320584839974465,-9.904553853410949,-6.90941087089885,-2.63546354274808,499
50.0,-140.09425854955504,-172.0826601798877,-93.00286022422804,-40.61881541865109,-25.303608271124077,-17.355295430836136,-9.924402658728404,-6.92325738567019,-2.640745032813707,500
